Symbol      SPY       XLB       XLC       XLE       XLF       XLI       XLK       XLP      XLRE       XLU       XLV       XLY
Date                                                                                                                         
2019-01-02  0.0  0.000000  0.000000  0.000000  0.000000  0.000000  0.000000  0.000000  0.000000  0.000000  0.000000  0.000000
2019-01-03  0.0  0.000000  0.000000  0.000000  0.000000  0.000000  0.000000  0.000000  0.000000  0.000000  0.000000  0.000000
2019-01-04  0.0  0.000000  0.000000  0.000000  0.000000  0.000000  0.000000  0.000000  0.000000  0.000000  0.000000  0.000000
2019-01-07  0.0  0.000000  0.000000  0.000000  0.000000  0.000000  0.000000  0.000000  0.000000  0.000000  0.000000  0.000000
2019-01-08  0.0  0.000000  0.000000  0.000000  0.000000  0.000000  0.000000  0.000000  0.000000  0.000000  0.000000  0.000000
2019-01-09  0.0  0.000000  0.000000  0.000000  0.000000  0.000000  0.000000  0.000000  0.000000  0.000000  0.000000  0.000000
2019-01-10  0.0  0.000000  0.000000  0.000000  0.000000  0.000000  0.000000  0.000000  0.000000  0.000000  0.000000  0.000000
2019-01-11  0.0  0.000000  0.000000  0.000000  0.000000  0.000000  0.000000  0.000000  0.000000  0.000000  0.000000  0.000000
2019-01-14  0.0  0.000000  0.000000  0.000000  0.000000  0.000000  0.000000  0.000000  0.000000  0.000000  0.000000  0.000000
2019-01-15  0.0  0.000000  0.000000  0.000000  0.000000  0.000000  0.000000  0.000000  0.000000  0.000000  0.000000  0.000000
2019-01-16  0.0  0.000000  0.000000  0.000000  0.000000  0.000000  0.000000  0.000000  0.000000  0.000000  0.000000  0.000000
2019-01-17  0.0  0.000000  0.000000  0.000000  0.000000  0.000000  0.000000  0.000000  0.000000  0.000000  0.000000  0.000000
2019-01-18  0.0  0.000000  0.000000  0.000000  0.000000  0.000000  0.000000  0.000000  0.000000  0.000000  0.000000  0.000000
2019-01-22  0.0  0.000000  0.000000  0.000000  0.000000  0.000000  0.000000  0.000000  0.000000  0.000000  0.000000  0.000000
2019-01-23  0.0  0.000000  0.000000  0.000000  0.000000  0.000000  0.000000  0.000000  0.000000  0.000000  0.000000  0.000000
2019-01-24  0.0  0.000000  0.000000  0.000000  0.000000  0.000000  0.000000  0.000000  0.000000  0.000000  0.000000  0.000000
2019-01-25  0.0  0.000000  0.000000  0.000000  0.000000  0.000000  0.000000  0.000000  0.000000  0.000000  0.000000  0.000000
2019-01-28  0.0  0.000000  0.000000  0.000000  0.000000  0.000000  0.000000  0.000000  0.000000  0.000000  0.000000  0.000000
2019-01-29  0.0  0.000000  0.000000  0.000000  0.000000  0.000000  0.000000  0.000000  0.000000  0.000000  0.000000  0.000000
2019-01-30  0.0  0.000000  0.000000  0.000000  0.000000  0.000000  0.000000  0.000000  0.000000  0.000000  0.000000  0.000000
2019-01-31  0.0  0.000000  0.000000  0.000000  0.000000  0.000000  0.000000  0.000000  0.000000  0.000000  0.000000  0.000000
2019-02-01  0.0  0.000000  0.000000  0.000000  0.000000  0.000000  0.000000  0.000000  0.000000  0.000000  0.000000  0.000000
2019-02-04  0.0  0.000000  0.000000  0.000000  0.000000  0.000000  0.000000  0.000000  0.000000  0.000000  0.000000  0.000000
2019-02-05  0.0  0.000000  0.000000  0.000000  0.000000  0.000000  0.000000  0.000000  0.000000  0.000000  0.000000  0.000000
2019-02-06  0.0  0.000000  0.000000  0.000000  0.000000  0.000000  0.000000  0.000000  0.000000  0.000000  0.000000  0.000000
2019-02-07  0.0  0.000000  0.000000  0.000000  0.000000  0.000000  0.000000  0.000000  0.000000  0.000000  0.000000  0.000000
2019-02-08  0.0  0.000000  0.000000  0.000000  0.000000  0.000000  0.000000  0.000000  0.000000  0.000000  0.000000  0.000000
2019-02-11  0.0  0.000000  0.000000  0.000000  0.000000  0.000000  0.000000  0.000000  0.000000  0.000000  0.000000  0.000000
2019-02-12  0.0  0.000000  0.000000  0.000000  0.000000  0.000000  0.000000  0.000000  0.000000  0.000000  0.000000  0.000000
2019-02-13  0.0  0.000000  0.000000  0.000000  0.000000  0.000000  0.000000  0.000000  0.000000  0.000000  0.000000  0.000000
2019-02-14  0.0  0.000000  0.000000  0.000000  0.000000  0.000000  0.000000  0.000000  0.000000  0.000000  0.000000  0.000000
2019-02-15  0.0  0.000000  0.000000  0.000000  0.000000  0.000000  0.000000  0.000000  0.000000  0.000000  0.000000  0.000000
2019-02-19  0.0  0.000000  0.000000  0.000000  0.000000  0.000000  0.000000  0.000000  0.000000  0.000000  0.000000  0.000000
2019-02-20  0.0  0.000000  0.000000  0.000000  0.000000  0.000000  0.000000  0.000000  0.000000  0.000000  0.000000  0.000000
2019-02-21  0.0  0.000000  0.000000  0.000000  0.000000  0.000000  0.000000  0.000000  0.000000  0.000000  0.000000  0.000000
2019-02-22  0.0  0.000000  0.000000  0.000000  0.000000  0.000000  0.000000  0.000000  0.000000  0.000000  0.000000  0.000000
2019-02-25  0.0  0.000000  0.000000  0.000000  0.000000  0.000000  0.000000  0.000000  0.000000  0.000000  0.000000  0.000000
2019-02-26  0.0  0.000000  0.000000  0.000000  0.000000  0.000000  0.000000  0.000000  0.000000  0.000000  0.000000  0.000000
2019-02-27  0.0  0.000000  0.000000  0.000000  0.000000  0.000000  0.000000  0.000000  0.000000  0.000000  0.000000  0.000000
2019-02-28  0.0  0.000000  0.000000  0.000000  0.000000  0.000000  0.000000  0.000000  0.000000  0.000000  0.000000  0.000000
2019-03-01  0.0  0.000000  0.000000  0.000000  0.000000  0.000000  0.000000  0.000000  0.000000  0.000000  0.000000  0.000000
2019-03-04  0.0  0.000000  0.000000  0.000000  0.000000  0.000000  0.000000  0.000000  0.000000  0.000000  0.000000  0.000000
2019-03-05  0.0  0.000000  0.000000  0.000000  0.000000  0.000000  0.000000  0.000000  0.000000  0.000000  0.000000  0.000000
2019-03-06  0.0  0.000000  0.000000  0.000000  0.000000  0.000000  0.000000  0.000000  0.000000  0.000000  0.000000  0.000000
2019-03-07  0.0  0.000000  0.000000  0.000000  0.000000  0.000000  0.000000  0.000000  0.000000  0.000000  0.000000  0.000000
2019-03-08  0.0  0.000000  0.000000  0.000000  0.000000  0.000000  0.000000  0.000000  0.000000  0.000000  0.000000  0.000000
2019-03-11  0.0  0.000000  0.000000  0.000000  0.000000  0.000000  0.000000  0.000000  0.000000  0.000000  0.000000  0.000000
2019-03-12  0.0  0.000000  0.000000  0.000000  0.000000  0.000000  0.000000  0.000000  0.000000  0.000000  0.000000  0.000000
2019-03-13  0.0  0.000000  0.000000  0.000000  0.000000  0.000000  0.000000  0.000000  0.000000  0.000000  0.000000  0.000000
2019-03-14  0.0  0.000000  0.000000  0.000000  0.000000  0.000000  0.000000  0.000000  0.000000  0.000000  0.000000  0.000000
2019-03-15  0.0  0.000000  0.000000  0.000000  0.000000  0.000000  0.000000  0.000000  0.000000  0.000000  0.000000  0.000000
2019-03-18  0.0  0.074827  0.068909  0.073902  0.091176  0.078359  0.063423  0.119250  0.137700  0.117573  0.089233  0.085648
2019-03-19  0.0  0.077533  0.066942  0.070752  0.093671  0.083317  0.074783  0.115203  0.129134  0.111548  0.090314  0.086804
2019-03-20  0.0  0.081945  0.069582  0.069773  0.097189  0.087616  0.080379  0.114144  0.117830  0.100892  0.091306  0.089345
2019-03-21  0.0  0.081945  0.069877  0.070583  0.089404  0.086875  0.080309  0.113513  0.118800  0.102467  0.090405  0.095822
2019-03-22  0.0  0.082253  0.070815  0.070924  0.089486  0.088200  0.076569  0.112695  0.118899  0.103601  0.091275  0.095283
2019-03-25  0.0  0.076930  0.071936  0.070081  0.083702  0.085042  0.074907  0.121068  0.124024  0.109219  0.090406  0.092686
2019-03-26  0.0  0.076542  0.071108  0.069340  0.082534  0.085650  0.073731  0.120329  0.128857  0.110810  0.089425  0.091674
2019-03-27  0.0  0.076820  0.071563  0.068942  0.081689  0.085791  0.074142  0.119384  0.128874  0.111456  0.089397  0.091941
2019-03-28  0.0  0.075997  0.069966  0.067370  0.080317  0.084283  0.073345  0.117726  0.126468  0.125095  0.088508  0.090925
2019-03-29  0.0  0.075392  0.070938  0.066898  0.079801  0.083653  0.073908  0.118690  0.127213  0.120883  0.091840  0.090783
2019-04-01  0.0  0.074886  0.070988  0.066768  0.083998  0.082707  0.073450  0.119271  0.126891  0.120385  0.089987  0.090669
2019-04-02  0.0  0.076430  0.070630  0.067163  0.079479  0.082494  0.073612  0.120109  0.127629  0.119510  0.091983  0.090960
2019-04-03  0.0  0.077296  0.069883  0.067929  0.081031  0.084386  0.073717  0.119047  0.124541  0.117932  0.092481  0.091756
2019-04-04  0.0  0.076335  0.071496  0.068805  0.080511  0.088373  0.074906  0.118494  0.121803  0.114810  0.091052  0.093417
2019-04-05  0.0  0.076159  0.071447  0.069152  0.079952  0.087881  0.074184  0.121753  0.120501  0.115795  0.090647  0.092529
2019-04-08  0.0  0.076254  0.071168  0.067344  0.079612  0.087585  0.074043  0.128267  0.119055  0.113842  0.090872  0.091959
2019-04-09  0.0  0.077721  0.070860  0.067012  0.078969  0.087223  0.073916  0.127381  0.118572  0.117067  0.089493  0.091787
2019-04-10  0.0  0.076779  0.071426  0.066433  0.078051  0.085492  0.075453  0.126896  0.119604  0.118062  0.091270  0.090533
2019-04-11  0.0  0.076990  0.072417  0.066012  0.077675  0.086860  0.076692  0.126069  0.118772  0.116555  0.090954  0.091005
2019-04-12  0.0  0.076106  0.072056  0.065526  0.075975  0.087061  0.083181  0.124473  0.117437  0.114851  0.089060  0.094274
2019-04-15  0.0  0.074026  0.084671  0.062770  0.069996  0.081484  0.079506  0.132855  0.114025  0.123841  0.086128  0.090700
2019-04-16  0.0  0.073177  0.084398  0.063677  0.069218  0.080321  0.078965  0.131904  0.113366  0.124204  0.085344  0.095425
2019-04-17  0.0  0.075097  0.087563  0.065123  0.069694  0.083848  0.083158  0.136744  0.099409  0.119308  0.081866  0.098189
2019-04-18  0.0  0.075439  0.089874  0.065645  0.070381  0.085316  0.084195  0.137165  0.098320  0.119399  0.074026  0.100241
2019-04-22  0.0  0.075121  0.099555  0.065121  0.069481  0.082939  0.083228  0.135643  0.097610  0.118108  0.073384  0.099809
2019-04-23  0.0  0.075481  0.100503  0.065013  0.069073  0.082082  0.085569  0.133402  0.094319  0.121890  0.072995  0.099673
2019-04-24  0.0  0.076229  0.098906  0.065847  0.069885  0.082208  0.085586  0.134251  0.092953  0.123457  0.071337  0.099342
2019-04-25  0.0  0.075737  0.101669  0.063709  0.070027  0.082330  0.085869  0.134643  0.092521  0.122443  0.071511  0.099541
2019-04-26  0.0  0.077729  0.101063  0.063929  0.071035  0.078746  0.086713  0.133210  0.092925  0.121217  0.071736  0.101697
2019-04-29  0.0  0.077717  0.100984  0.064033  0.071032  0.079086  0.086703  0.130660  0.093586  0.122715  0.071365  0.102119
2019-04-30  0.0  0.077626  0.099347  0.063714  0.071599  0.078972  0.086140  0.138690  0.090975  0.120336  0.071011  0.101591
2019-05-01  0.0  0.079787  0.089107  0.066157  0.076259  0.081829  0.087714  0.138117  0.090618  0.113232  0.073912  0.103268
2019-05-02  0.0  0.078119  0.090675  0.065368  0.077339  0.083315  0.089681  0.132430  0.092984  0.112791  0.075862  0.101436
2019-05-03  0.0  0.080695  0.090422  0.063686  0.077498  0.083378  0.088639  0.132515  0.093690  0.112717  0.075508  0.101253
2019-05-06  0.0  0.080315  0.091883  0.064783  0.077693  0.082454  0.088413  0.131256  0.093538  0.113944  0.075960  0.099761
2019-05-07  0.0  0.078310  0.092847  0.064953  0.077264  0.081763  0.088683  0.132870  0.093690  0.113957  0.076683  0.098980
2019-05-08  0.0  0.078632  0.091211  0.067053  0.077334  0.080302  0.084667  0.134023  0.093181  0.119570  0.076341  0.097687
2019-05-09  0.0  0.079388  0.091647  0.067499  0.077848  0.080863  0.085082  0.134760  0.093843  0.114018  0.076801  0.098252
2019-05-10  0.0  0.078934  0.092072  0.067685  0.077944  0.081093  0.084422  0.134738  0.094079  0.114109  0.077017  0.097906
2019-05-13  0.0  0.079594  0.093290  0.069034  0.078783  0.082153  0.085753  0.131491  0.093574  0.108142  0.078104  0.100083
2019-05-14  0.0  0.080393  0.086635  0.074439  0.076910  0.079983  0.077066  0.136158  0.100213  0.113216  0.082650  0.092338
2019-05-15  0.0  0.080370  0.086848  0.073742  0.077237  0.079598  0.075910  0.136672  0.100815  0.112608  0.084310  0.091890
2019-05-16  0.0  0.081097  0.083090  0.074119  0.077815  0.080519  0.075919  0.136001  0.101083  0.113400  0.084799  0.092158
2019-05-17  0.0  0.079710  0.082823  0.075163  0.077745  0.080860  0.076053  0.135099  0.101262  0.112861  0.086409  0.092014
2019-05-20  0.0  0.079708  0.082812  0.074471  0.078011  0.079828  0.076025  0.136341  0.100892  0.112190  0.086709  0.093013
2019-05-21  0.0  0.078825  0.080833  0.077693  0.078757  0.080557  0.074289  0.137003  0.097188  0.113425  0.087567  0.093863
2019-05-22  0.0  0.077411  0.081305  0.077393  0.077612  0.078851  0.075166  0.140385  0.098204  0.112747  0.086753  0.094173
2019-05-23  0.0  0.077502  0.081725  0.076252  0.077594  0.079174  0.075361  0.140494  0.098691  0.113018  0.087330  0.092859
2019-05-24  0.0  0.077298  0.081201  0.071209  0.077502  0.079122  0.074495  0.143502  0.100218  0.113284  0.089987  0.092183
2019-05-28  0.0  0.077425  0.081470  0.071160  0.077236  0.079272  0.074579  0.142752  0.100353  0.113291  0.090041  0.092422
2019-05-29  0.0  0.078549  0.083204  0.072299  0.078318  0.080504  0.077181  0.134459  0.101063  0.109880  0.090232  0.094311
2019-05-30  0.0  0.079043  0.083447  0.073979  0.079511  0.081624  0.077489  0.132978  0.099861  0.107281  0.089877  0.094911
2019-05-31  0.0  0.078900  0.083325  0.073183  0.079773  0.081456  0.077147  0.132385  0.099428  0.109656  0.090179  0.094566
2019-06-03  0.0  0.079182  0.082985  0.073517  0.082428  0.081482  0.076401  0.127801  0.100150  0.110892  0.091387  0.093777
2019-06-04  0.0  0.073557  0.077411  0.072974  0.082467  0.082177  0.079371  0.127667  0.105097  0.111570  0.091869  0.095840
2019-06-05  0.0  0.074832  0.076512  0.075146  0.084056  0.082399  0.075796  0.126710  0.105878  0.113556  0.092778  0.092338
2019-06-06  0.0  0.076271  0.078229  0.076293  0.085991  0.083571  0.076569  0.126282  0.100545  0.107605  0.094139  0.094505
2019-06-07  0.0  0.075777  0.078343  0.075457  0.087010  0.083949  0.076029  0.125495  0.101032  0.107924  0.094474  0.094511
2019-06-10  0.0  0.076016  0.077620  0.075993  0.087892  0.084141  0.074968  0.124972  0.101961  0.108618  0.094731  0.093087
2019-06-11  0.0  0.076248  0.077441  0.075829  0.087669  0.084273  0.074331  0.124985  0.102255  0.110049  0.094441  0.092479
2019-06-12  0.0  0.076371  0.077135  0.075533  0.087413  0.084276  0.074543  0.125318  0.101935  0.109361  0.095802  0.092312
2019-06-13  0.0  0.076720  0.077511  0.075045  0.090669  0.086995  0.074435  0.124413  0.100854  0.106447  0.094465  0.092448
2019-06-14  0.0  0.076544  0.076849  0.074106  0.090557  0.086686  0.074403  0.126753  0.101682  0.106361  0.094449  0.091612
2019-06-17  0.0  0.077345  0.076838  0.074267  0.090502  0.086543  0.074213  0.127719  0.101445  0.104862  0.094315  0.091950
2019-06-18  0.0  0.077582  0.076364  0.074395  0.090008  0.086983  0.074451  0.127608  0.100410  0.105136  0.094298  0.092765
2019-06-19  0.0  0.077705  0.076752  0.075669  0.088980  0.084282  0.073294  0.127366  0.101544  0.106604  0.094651  0.093154
2019-06-20  0.0  0.077529  0.076798  0.075907  0.088950  0.084451  0.073321  0.127407  0.101609  0.106963  0.093795  0.093270
2019-06-21  0.0  0.077316  0.077054  0.073853  0.090112  0.084307  0.072853  0.126654  0.102103  0.107138  0.094255  0.094354
2019-06-24  0.0  0.077445  0.077260  0.073800  0.090310  0.084248  0.073089  0.126510  0.100930  0.107622  0.094289  0.094497
2019-06-25  0.0  0.077285  0.077148  0.073389  0.090290  0.084653  0.073018  0.126331  0.100409  0.107724  0.095730  0.094023
2019-06-26  0.0  0.078431  0.075507  0.073285  0.093692  0.085679  0.071482  0.126476  0.098144  0.107152  0.096711  0.093440
2019-06-27  0.0  0.080180  0.076982  0.073484  0.096046  0.087661  0.072412  0.123696  0.095900  0.101619  0.096721  0.095299
2019-06-28  0.0  0.079006  0.075512  0.072438  0.095942  0.086629  0.071382  0.121765  0.100863  0.102436  0.100415  0.093613
2019-07-01  0.0  0.077844  0.074054  0.070729  0.092518  0.084603  0.070608  0.120616  0.101283  0.101335  0.114032  0.092378
2019-07-02  0.0  0.077762  0.073945  0.071014  0.091510  0.085989  0.069722  0.120313  0.102201  0.101488  0.114178  0.091878
2019-07-03  0.0  0.078442  0.073927  0.072733  0.091944  0.086436  0.070024  0.119371  0.100441  0.099806  0.114447  0.092429
2019-07-05  0.0  0.078321  0.074658  0.072495  0.091613  0.086737  0.070209  0.116751  0.099375  0.099288  0.117532  0.093022
2019-07-08  0.0  0.078486  0.074816  0.073899  0.091629  0.086707  0.070211  0.116170  0.099206  0.099647  0.116175  0.093054
2019-07-09  0.0  0.078322  0.074698  0.073548  0.090894  0.089435  0.069590  0.116833  0.098744  0.099303  0.115671  0.092961
2019-07-10  0.0  0.077640  0.074484  0.073999  0.091215  0.089517  0.069291  0.116606  0.098450  0.098832  0.116821  0.093143
2019-07-11  0.0  0.077546  0.074133  0.072936  0.091984  0.089425  0.068960  0.115826  0.099983  0.099374  0.116745  0.093089
2019-07-12  0.0  0.077308  0.076642  0.072364  0.090990  0.088456  0.068408  0.117409  0.097907  0.101963  0.116137  0.092416
2019-07-15  0.0  0.078754  0.076251  0.074154  0.090967  0.085687  0.067979  0.121076  0.097185  0.102584  0.112739  0.092624
2019-07-16  0.0  0.078887  0.076271  0.075387  0.090434  0.085387  0.068014  0.120912  0.097043  0.102470  0.112768  0.092427
2019-07-17  0.0  0.079036  0.076354  0.074820  0.090709  0.085891  0.067555  0.121341  0.096939  0.101562  0.112533  0.093260
2019-07-18  0.0  0.080281  0.076023  0.074334  0.090717  0.083005  0.068050  0.121799  0.097132  0.102434  0.113346  0.092878
2019-07-19  0.0  0.080426  0.075013  0.072509  0.090504  0.083996  0.068125  0.120597  0.098678  0.098804  0.118320  0.093027
2019-07-22  0.0  0.081385  0.074768  0.073208  0.091361  0.084732  0.068784  0.120498  0.095659  0.099545  0.116654  0.093405
2019-07-23  0.0  0.081986  0.074793  0.073109  0.091456  0.084797  0.068640  0.119544  0.095730  0.099499  0.116704  0.093741
2019-07-24  0.0  0.080148  0.074646  0.073085  0.090660  0.083488  0.068474  0.121576  0.096023  0.102869  0.115836  0.093197
2019-07-25  0.0  0.079568  0.076052  0.069958  0.094991  0.086135  0.072301  0.114992  0.089783  0.097748  0.117963  0.100509
2019-07-26  0.0  0.079075  0.075964  0.069908  0.094424  0.086786  0.073137  0.115129  0.089428  0.098275  0.117187  0.100687
2019-07-29  0.0  0.079506  0.074022  0.070170  0.093811  0.086964  0.073912  0.114077  0.090098  0.098573  0.117506  0.101362
2019-07-30  0.0  0.080168  0.073728  0.069914  0.093247  0.087183  0.073838  0.114605  0.089824  0.098302  0.117908  0.101282
2019-07-31  0.0  0.080381  0.073899  0.069633  0.093783  0.088658  0.073957  0.114884  0.088700  0.097405  0.117271  0.101429
2019-08-01  0.0  0.081031  0.076441  0.070421  0.094389  0.088119  0.075434  0.106155  0.093148  0.098171  0.115646  0.101044
2019-08-02  0.0  0.083167  0.077752  0.069178  0.089462  0.085974  0.076709  0.107048  0.094853  0.097733  0.118897  0.099227
2019-08-05  0.0  0.082303  0.077021  0.069421  0.090023  0.086345  0.074855  0.107436  0.094487  0.098570  0.119561  0.099979
2019-08-06  0.0  0.087135  0.076490  0.075950  0.086587  0.087133  0.071248  0.102611  0.096391  0.103563  0.114513  0.098377
2019-08-07  0.0  0.088828  0.076568  0.077384  0.086315  0.086612  0.071226  0.103445  0.096274  0.103013  0.113104  0.097231
2019-08-08  0.0  0.087387  0.075639  0.076655  0.084787  0.086300  0.070241  0.104727  0.095633  0.106055  0.116080  0.096496
2019-08-09  0.0  0.086391  0.075567  0.073392  0.083647  0.085933  0.069409  0.105732  0.096946  0.110117  0.117269  0.095595
2019-08-12  0.0  0.085878  0.074996  0.073869  0.083953  0.085575  0.068979  0.105510  0.097522  0.110644  0.118147  0.094928
2019-08-13  0.0  0.084615  0.075623  0.074657  0.082681  0.085385  0.069371  0.108176  0.097886  0.110490  0.116870  0.094246
2019-08-14  0.0  0.091350  0.080773  0.074398  0.081150  0.083866  0.068093  0.107617  0.097060  0.110966  0.112823  0.091905
2019-08-15  0.0  0.092498  0.078079  0.071637  0.080249  0.084490  0.070922  0.108802  0.098546  0.114503  0.107992  0.092282
2019-08-16  0.0  0.091983  0.077188  0.071166  0.079443  0.084290  0.070723  0.106180  0.101320  0.118849  0.107457  0.091401
2019-08-19  0.0  0.091303  0.077232  0.072801  0.078357  0.082378  0.070529  0.107016  0.101910  0.120370  0.106682  0.091423
2019-08-20  0.0  0.091631  0.077486  0.070615  0.077871  0.082351  0.071138  0.107122  0.101299  0.121296  0.107127  0.092065
2019-08-21  0.0  0.090763  0.077494  0.070719  0.077624  0.082476  0.071680  0.105522  0.101057  0.122996  0.106560  0.093111
2019-08-22  0.0  0.090919  0.077866  0.070846  0.077844  0.083099  0.071467  0.106049  0.101406  0.123965  0.106294  0.090244
2019-08-23  0.0  0.090277  0.077677  0.071287  0.077781  0.082774  0.071316  0.105316  0.100893  0.126977  0.105825  0.089878
2019-08-26  0.0  0.090046  0.077620  0.070838  0.077971  0.082121  0.069887  0.106121  0.103384  0.129764  0.103599  0.088647
2019-08-27  0.0  0.090698  0.077086  0.071355  0.078065  0.082452  0.070066  0.105056  0.103424  0.130214  0.102991  0.088594
2019-08-28  0.0  0.091033  0.077508  0.071466  0.078088  0.082140  0.069854  0.104773  0.104233  0.130125  0.102610  0.088170
2019-08-29  0.0  0.090799  0.077427  0.071211  0.078407  0.083406  0.070885  0.103980  0.104048  0.130066  0.102584  0.087187
2019-08-30  0.0  0.090368  0.076902  0.070792  0.077829  0.082205  0.070415  0.105031  0.104870  0.131445  0.103796  0.086348
2019-09-03  0.0  0.090604  0.076436  0.072498  0.077228  0.083221  0.070617  0.104949  0.104369  0.131181  0.103196  0.085699
2019-09-04  0.0  0.091066  0.076760  0.073524  0.077461  0.083066  0.070784  0.105839  0.104898  0.125816  0.104226  0.086560
2019-09-05  0.0  0.090583  0.075560  0.073222  0.077612  0.082632  0.070246  0.105817  0.105547  0.126778  0.105253  0.086749
2019-09-06  0.0  0.091257  0.076622  0.073161  0.076235  0.081664  0.070660  0.106012  0.107963  0.125815  0.104869  0.085742
2019-09-09  0.0  0.088929  0.074829  0.072362  0.074405  0.079691  0.069276  0.106418  0.111727  0.134561  0.104121  0.083681
2019-09-10  0.0  0.089241  0.075328  0.071023  0.074066  0.080021  0.069344  0.106760  0.111586  0.134191  0.104234  0.084206
2019-09-11  0.0  0.089323  0.075944  0.071234  0.075155  0.080437  0.069446  0.106437  0.108198  0.134847  0.104616  0.084362
2019-09-12  0.0  0.089200  0.076228  0.071346  0.075781  0.080100  0.070069  0.106854  0.108329  0.133344  0.103812  0.084937
2019-09-13  0.0  0.087839  0.075810  0.071461  0.074947  0.079323  0.069304  0.106485  0.111413  0.136240  0.103186  0.083993
2019-09-16  0.0  0.086958  0.075744  0.071111  0.074808  0.079173  0.069130  0.107613  0.111656  0.135556  0.104009  0.084243
2019-09-17  0.0  0.085922  0.076326  0.067467  0.075422  0.079968  0.069722  0.107443  0.111697  0.136784  0.105404  0.083847
2019-09-18  0.0  0.086679  0.077006  0.067035  0.075792  0.080666  0.070142  0.107445  0.109516  0.135483  0.106348  0.083889
2019-09-19  0.0  0.087317  0.077067  0.066889  0.075663  0.080589  0.070090  0.107871  0.109457  0.135025  0.106242  0.083790
2019-09-20  0.0  0.087219  0.077572  0.067363  0.075505  0.080330  0.070184  0.108182  0.109528  0.134492  0.105932  0.083693
2019-09-23  0.0  0.087268  0.077339  0.067372  0.075459  0.080280  0.069684  0.108048  0.111924  0.134264  0.105478  0.082884
2019-09-24  0.0  0.087309  0.077023  0.066988  0.075140  0.081481  0.069371  0.107213  0.111426  0.134940  0.105994  0.083116
2019-09-25  0.0  0.087407  0.076493  0.066950  0.075409  0.081992  0.069587  0.107868  0.112174  0.133184  0.105777  0.083161
2019-09-26  0.0  0.087272  0.075852  0.067281  0.075144  0.082010  0.069394  0.107899  0.112247  0.134487  0.105821  0.082593
2019-09-27  0.0  0.087594  0.075620  0.066972  0.075198  0.084783  0.069237  0.107295  0.111403  0.133894  0.105196  0.082807
2019-09-30  0.0  0.087669  0.075332  0.066970  0.075384  0.084666  0.068777  0.107783  0.110505  0.134683  0.105484  0.082747
2019-10-01  0.0  0.086066  0.075040  0.066081  0.074489  0.083766  0.067574  0.106800  0.114050  0.140394  0.104283  0.081458
2019-10-02  0.0  0.083499  0.075661  0.065539  0.073498  0.081272  0.068690  0.108731  0.114026  0.142300  0.104610  0.082175
2019-10-03  0.0  0.086042  0.076044  0.065154  0.073589  0.081765  0.068844  0.105570  0.116390  0.139907  0.104590  0.082104
2019-10-04  0.0  0.086202  0.076229  0.065020  0.074284  0.081888  0.068782  0.105993  0.114963  0.140393  0.103838  0.082409
2019-10-07  0.0  0.087372  0.076365  0.065984  0.073854  0.082270  0.068753  0.104591  0.116877  0.138421  0.102451  0.083062
2019-10-08  0.0  0.086981  0.080294  0.065584  0.074021  0.081827  0.068435  0.104617  0.116273  0.137097  0.102087  0.082783
2019-10-09  0.0  0.086522  0.080393  0.065917  0.073862  0.081879  0.068445  0.105125  0.117555  0.136472  0.100241  0.083590
2019-10-10  0.0  0.085939  0.080239  0.066083  0.073468  0.081560  0.067807  0.104590  0.118829  0.138395  0.099752  0.083338
2019-10-11  0.0  0.085974  0.079659  0.064966  0.072467  0.080984  0.067817  0.109042  0.118277  0.138151  0.099550  0.083113
2019-10-14  0.0  0.083737  0.079022  0.065691  0.073904  0.081098  0.067348  0.109278  0.118008  0.139525  0.098872  0.083518
2019-10-15  0.0  0.084102  0.079319  0.066116  0.073757  0.081166  0.068134  0.108654  0.118550  0.137667  0.098727  0.083809
2019-10-16  0.0  0.081512  0.079299  0.065132  0.073960  0.081095  0.070732  0.112817  0.119491  0.136432  0.095806  0.083725
2019-10-17  0.0  0.080412  0.079315  0.063662  0.073989  0.081238  0.070416  0.112392  0.120294  0.138309  0.096064  0.083909
2019-10-18  0.0  0.081174  0.078827  0.063565  0.074675  0.080806  0.070179  0.113709  0.120572  0.137729  0.095161  0.083603
2019-10-21  0.0  0.081615  0.078411  0.064714  0.074581  0.080065  0.070451  0.113725  0.120899  0.136986  0.094501  0.084051
2019-10-22  0.0  0.081950  0.079001  0.063959  0.073793  0.080368  0.070630  0.114253  0.120151  0.136698  0.094463  0.084734
2019-10-23  0.0  0.082897  0.078486  0.063376  0.075287  0.080817  0.070011  0.114377  0.118892  0.135636  0.094731  0.085490
2019-10-24  0.0  0.082562  0.078586  0.062760  0.075114  0.080775  0.072000  0.115077  0.117636  0.133999  0.095129  0.086361
2019-10-25  0.0  0.084561  0.080723  0.063440  0.078699  0.082155  0.070652  0.111884  0.114300  0.126759  0.097368  0.089460
2019-10-28  0.0  0.083534  0.080227  0.063373  0.078582  0.081905  0.070010  0.115164  0.113987  0.126543  0.097325  0.089351
2019-10-29  0.0  0.085581  0.080324  0.063370  0.079924  0.084206  0.070559  0.117191  0.111489  0.120076  0.097345  0.089934
2019-10-30  0.0  0.085019  0.080630  0.064594  0.079761  0.084016  0.070389  0.118504  0.112026  0.119830  0.095037  0.090195
2019-10-31  0.0  0.086167  0.080610  0.062812  0.081201  0.084028  0.070109  0.120818  0.111727  0.117661  0.095465  0.089400
2019-11-01  0.0  0.084676  0.080433  0.062705  0.080675  0.082708  0.070527  0.120521  0.111409  0.117657  0.095724  0.092965
2019-11-04  0.0  0.084211  0.080848  0.061392  0.080138  0.079757  0.070498  0.122152  0.112566  0.118289  0.096959  0.093189
2019-11-05  0.0  0.085388  0.083278  0.058700  0.081665  0.081259  0.073679  0.120576  0.106725  0.110118  0.100235  0.098377
2019-11-06  0.0  0.084926  0.084791  0.058381  0.081675  0.081052  0.074215  0.124356  0.101847  0.109595  0.099969  0.099194
2019-11-07  0.0  0.084844  0.084536  0.056881  0.082308  0.081520  0.074232  0.124162  0.101714  0.109315  0.100737  0.099752
2019-11-08  0.0  0.084987  0.084274  0.056830  0.082517  0.082531  0.073982  0.126798  0.099888  0.105312  0.101424  0.101457
2019-11-11  0.0  0.084989  0.085270  0.056401  0.082800  0.083640  0.074517  0.124794  0.099347  0.104281  0.099897  0.104064
2019-11-12  0.0  0.085311  0.085060  0.056306  0.082647  0.083771  0.074611  0.124903  0.099355  0.103639  0.099510  0.104889
2019-11-13  0.0  0.084418  0.084657  0.055148  0.082650  0.084678  0.074612  0.123141  0.100937  0.108679  0.097928  0.103151
2019-11-14  0.0  0.084786  0.088549  0.055326  0.082056  0.085260  0.076152  0.123395  0.099720  0.102915  0.097449  0.104393
2019-11-15  0.0  0.082245  0.089783  0.054256  0.083746  0.086347  0.077420  0.121519  0.096101  0.102345  0.096192  0.110045
2019-11-18  0.0  0.082949  0.089702  0.054606  0.084474  0.086588  0.077671  0.122882  0.096399  0.103345  0.090357  0.111027
2019-11-19  0.0  0.082817  0.089184  0.055086  0.086377  0.085805  0.078010  0.121487  0.096197  0.103308  0.091236  0.110493
2019-11-20  0.0  0.083238  0.088827  0.054638  0.086077  0.086230  0.078142  0.122464  0.099850  0.102725  0.090469  0.107338
2019-11-21  0.0  0.082015  0.088473  0.054230  0.085780  0.086066  0.078257  0.122631  0.099891  0.104009  0.091370  0.107278
2019-11-22  0.0  0.082880  0.088822  0.053664  0.086265  0.086373  0.078303  0.122609  0.097429  0.104200  0.091741  0.107715
2019-11-25  0.0  0.083764  0.088411  0.053543  0.085868  0.085946  0.078564  0.123149  0.099054  0.104615  0.091249  0.105835
2019-11-26  0.0  0.085891  0.087501  0.056967  0.084791  0.084424  0.076157  0.125666  0.100148  0.103094  0.088856  0.106505
2019-11-27  0.0  0.086327  0.087342  0.057338  0.084669  0.084344  0.076154  0.124171  0.100213  0.104559  0.088699  0.106184
2019-11-29  0.0  0.086383  0.087019  0.057509  0.084847  0.084581  0.076234  0.124378  0.100391  0.105185  0.088809  0.104664
2019-12-02  0.0  0.086259  0.086895  0.057238  0.085285  0.084751  0.076126  0.124522  0.100499  0.105871  0.088629  0.103925
2019-12-03  0.0  0.085826  0.087113  0.057862  0.086122  0.082611  0.076232  0.126321  0.095524  0.106483  0.089281  0.106625
2019-12-04  0.0  0.086115  0.088061  0.057614  0.083995  0.081909  0.075978  0.127775  0.095345  0.107230  0.090592  0.105387
2019-12-05  0.0  0.086286  0.090555  0.056971  0.083744  0.081432  0.076301  0.125515  0.093861  0.108270  0.090644  0.106422
2019-12-06  0.0  0.085803  0.091601  0.056590  0.083703  0.081330  0.076812  0.124759  0.093265  0.107528  0.090783  0.107827
2019-12-09  0.0  0.084822  0.093226  0.055883  0.082569  0.080019  0.076072  0.125513  0.095159  0.108341  0.091519  0.106878
2019-12-10  0.0  0.084510  0.095095  0.055630  0.082087  0.079682  0.077443  0.125068  0.095370  0.107872  0.090483  0.106762
2019-12-11  0.0  0.084457  0.094667  0.055640  0.082002  0.079386  0.077950  0.124944  0.094340  0.107561  0.090922  0.108131
2019-12-12  0.0  0.089609  0.093876  0.055985  0.085902  0.083973  0.076522  0.121387  0.091693  0.104048  0.090369  0.106637
2019-12-13  0.0  0.087988  0.093788  0.054135  0.084172  0.084247  0.075939  0.135184  0.084745  0.101895  0.089298  0.108610
2019-12-16  0.0  0.086213  0.094474  0.053954  0.083271  0.083928  0.076514  0.136625  0.086905  0.099981  0.089451  0.108685
2019-12-17  0.0  0.083832  0.093351  0.051921  0.084834  0.082580  0.076121  0.149256  0.083692  0.098081  0.088781  0.107552
2019-12-18  0.0  0.083517  0.092451  0.051869  0.085000  0.082428  0.075706  0.154810  0.081440  0.097290  0.088404  0.107084
2019-12-19  0.0  0.084923  0.093954  0.050247  0.088679  0.081857  0.076822  0.156778  0.074071  0.093573  0.093496  0.105599
2019-12-20  0.0  0.085799  0.092172  0.049972  0.088607  0.081854  0.077974  0.158434  0.072322  0.093261  0.093087  0.106517
2019-12-23  0.0  0.086923  0.092717  0.050315  0.090157  0.082868  0.078283  0.153527  0.071817  0.092407  0.092971  0.108016
2019-12-24  0.0  0.092567  0.093065  0.049634  0.090390  0.086203  0.078807  0.148146  0.070206  0.088894  0.091937  0.110151
2019-12-26  0.0  0.093941  0.092763  0.049312  0.089814  0.085263  0.078369  0.150873  0.069758  0.089328  0.091187  0.109393
2019-12-27  0.0  0.092809  0.096920  0.048416  0.091689  0.084605  0.077719  0.151326  0.068041  0.087937  0.095886  0.104652
2019-12-30  0.0  0.092071  0.096568  0.049243  0.091647  0.084560  0.079027  0.149959  0.067875  0.087845  0.096157  0.105050
2019-12-31  0.0  0.092618  0.094303  0.049701  0.092080  0.085083  0.079106  0.148705  0.069154  0.088922  0.095908  0.104422
2020-01-02  0.0  0.090931  0.098242  0.049311  0.091064  0.086161  0.080753  0.147251  0.068919  0.087891  0.095948  0.103528
2020-01-03  0.0  0.089706  0.098224  0.051601  0.095893  0.082743  0.079628  0.144064  0.070071  0.086948  0.099015  0.102106
2020-01-06  0.0  0.084864  0.101292  0.052670  0.093308  0.084226  0.081638  0.145160  0.070191  0.088193  0.096442  0.102016
2020-01-07  0.0  0.084917  0.098162  0.052724  0.093379  0.084282  0.081732  0.146574  0.070269  0.088564  0.096475  0.102921
2020-01-08  0.0  0.084860  0.103617  0.052739  0.091855  0.083978  0.084059  0.140957  0.069160  0.088696  0.097412  0.102667
2020-01-09  0.0  0.086193  0.103132  0.051178  0.090848  0.083759  0.083914  0.142605  0.069802  0.090428  0.096232  0.101910
2020-01-10  0.0  0.085653  0.104184  0.050922  0.090162  0.083180  0.083941  0.138706  0.070630  0.094251  0.097493  0.100876
2020-01-13  0.0  0.085369  0.106823  0.050454  0.087801  0.081517  0.085642  0.137739  0.069204  0.093551  0.101533  0.100366
2020-01-14  0.0  0.082973  0.105442  0.052945  0.087899  0.081323  0.084552  0.137148  0.068713  0.095330  0.101783  0.101891
2020-01-15  0.0  0.084772  0.104092  0.052780  0.088015  0.083428  0.083197  0.136736  0.068167  0.095307  0.100877  0.102628
2020-01-16  0.0  0.086815  0.103411  0.054202  0.090074  0.092027  0.083963  0.132140  0.067013  0.089748  0.098327  0.102279
2020-01-17  0.0  0.085804  0.100849  0.059659  0.088419  0.091277  0.080369  0.139387  0.066485  0.092291  0.097170  0.098291
2020-01-21  0.0  0.084836  0.098957  0.058883  0.087811  0.090583  0.079707  0.138692  0.069581  0.094472  0.099157  0.097321
2020-01-22  0.0  0.082939  0.100643  0.060123  0.086910  0.087913  0.080431  0.140278  0.069318  0.093761  0.100031  0.097654
2020-01-23  0.0  0.082197  0.099600  0.060315  0.086572  0.086073  0.079756  0.140346  0.068996  0.099767  0.098568  0.097807
2020-01-24  0.0  0.082901  0.098905  0.060658  0.086807  0.084210  0.080270  0.140995  0.068684  0.100009  0.098214  0.098348
2020-01-27  0.0  0.084454  0.097026  0.061763  0.085760  0.086229  0.081852  0.139786  0.070720  0.105796  0.091933  0.094681
2020-01-28  0.0  0.081198  0.093992  0.059926  0.085358  0.083563  0.075581  0.146253  0.074999  0.110656  0.095181  0.093292
2020-01-29  0.0  0.079464  0.091574  0.059759  0.083773  0.083150  0.072025  0.150419  0.075902  0.117531  0.094797  0.091606
2020-01-30  0.0  0.080159  0.091833  0.059376  0.083996  0.083130  0.072396  0.147617  0.076668  0.118001  0.094679  0.092145
2020-01-31  0.0  0.080195  0.090659  0.059766  0.082215  0.084576  0.072841  0.138188  0.077417  0.116376  0.105064  0.092702
2020-02-03  0.0  0.079103  0.090774  0.059182  0.080855  0.081799  0.068991  0.138152  0.079942  0.122338  0.099660  0.099205
2020-02-04  0.0  0.074247  0.089036  0.059773  0.080762  0.082293  0.068340  0.139212  0.080448  0.124018  0.099410  0.102463
2020-02-05  0.0  0.075106  0.091370  0.062372  0.082678  0.081159  0.066774  0.142072  0.081099  0.122286  0.096272  0.098812
2020-02-06  0.0  0.073452  0.093163  0.057511  0.079647  0.079555  0.068442  0.143714  0.085387  0.125703  0.091772  0.101653
2020-02-07  0.0  0.073500  0.091025  0.057208  0.080133  0.079766  0.068350  0.144282  0.085969  0.125788  0.091919  0.102059
2020-02-10  0.0  0.071952  0.091049  0.057119  0.080337  0.079611  0.068335  0.144378  0.086023  0.125937  0.092544  0.102714
2020-02-11  0.0  0.072095  0.090699  0.057292  0.080257  0.079320  0.067477  0.147151  0.086777  0.125783  0.092202  0.100948
2020-02-12  0.0  0.072242  0.091483  0.056918  0.080584  0.079518  0.067510  0.146264  0.085401  0.126119  0.092402  0.101560
2020-02-13  0.0  0.072338  0.089879  0.056597  0.080870  0.079218  0.067481  0.146631  0.085675  0.126784  0.093043  0.101484
2020-02-14  0.0  0.072069  0.090645  0.055739  0.080274  0.081125  0.068423  0.142870  0.090430  0.124723  0.091617  0.102084
2020-02-18  0.0  0.071814  0.090035  0.055978  0.082390  0.082159  0.068908  0.141872  0.088672  0.122727  0.090963  0.104482
2020-02-19  0.0  0.071690  0.089748  0.056717  0.082019  0.081559  0.068456  0.142566  0.088621  0.122257  0.091703  0.104665
2020-02-20  0.0  0.072762  0.090882  0.056682  0.082702  0.082597  0.068789  0.144247  0.085803  0.116814  0.092669  0.106052
2020-02-21  0.0  0.073326  0.088364  0.058173  0.084421  0.083842  0.067564  0.144298  0.084205  0.117307  0.091871  0.106630
2020-02-24  0.0  0.074307  0.085866  0.058544  0.084416  0.084994  0.064761  0.146515  0.085376  0.119798  0.094485  0.100937
2020-02-25  0.0  0.078276  0.083593  0.058841  0.083679  0.086512  0.063771  0.136107  0.095746  0.129970  0.091187  0.092320
2020-02-26  0.0  0.074920  0.086307  0.059916  0.083125  0.081424  0.066433  0.138355  0.097806  0.127275  0.090765  0.093673
2020-02-27  0.0  0.076079  0.086036  0.059046  0.086119  0.081558  0.066572  0.136862  0.098589  0.124086  0.091491  0.093562
2020-02-28  0.0  0.080425  0.091087  0.064558  0.090161  0.089055  0.069353  0.122877  0.087076  0.109757  0.099142  0.096509
2020-03-02  0.0  0.082156  0.093915  0.066892  0.088477  0.089350  0.071024  0.120337  0.085785  0.101725  0.101595  0.098745
2020-03-03  0.0  0.085600  0.099858  0.072156  0.087041  0.095021  0.072448  0.105196  0.087242  0.092369  0.098835  0.104234
2020-03-04  0.0  0.087829  0.096489  0.072703  0.084363  0.094812  0.070921  0.106848  0.090528  0.094179  0.098102  0.103226
2020-03-05  0.0  0.088759  0.098831  0.077707  0.087760  0.094743  0.073781  0.101056  0.092928  0.088967  0.090618  0.104849
2020-03-06  0.0  0.089438  0.097019  0.079109  0.084681  0.089932  0.074855  0.103771  0.094723  0.091864  0.092706  0.101903
2020-03-09  0.0  0.088805  0.097196  0.075255  0.083129  0.091370  0.074986  0.104933  0.094906  0.093180  0.093961  0.102278
2020-03-10  0.0  0.084475  0.099929  0.052576  0.077154  0.086383  0.079253  0.115763  0.095899  0.100429  0.102677  0.105462
2020-03-11  0.0  0.085692  0.097490  0.054106  0.076061  0.085373  0.077072  0.118123  0.094991  0.106008  0.104191  0.100893
2020-03-12  0.0  0.087095  0.098593  0.056309  0.077288  0.084949  0.078593  0.114762  0.093799  0.103938  0.105720  0.098954
2020-03-13  0.0  0.089014  0.097692  0.060256  0.079158  0.085642  0.081403  0.107753  0.096038  0.098240  0.109074  0.095730
2020-03-16  0.0  0.091872  0.095103  0.062774  0.073402  0.087449  0.077960  0.103962  0.094714  0.103652  0.109588  0.099524
2020-03-17  0.0  0.093558  0.095263  0.066586  0.074808  0.089851  0.077779  0.112004  0.084371  0.100942  0.109260  0.095578
2020-03-18  0.0  0.094209  0.097884  0.069918  0.076836  0.092172  0.079086  0.106911  0.085959  0.089846  0.108663  0.098515
2020-03-19  0.0  0.093607  0.099693  0.066463  0.075952  0.090920  0.080343  0.108697  0.085192  0.090664  0.110120  0.098350
2020-03-20  0.0  0.093647  0.100120  0.065123  0.076245  0.091707  0.081044  0.108488  0.085907  0.089299  0.110738  0.097683
2020-03-23  0.0  0.094523  0.100374  0.065975  0.077217  0.091959  0.081529  0.105761  0.085739  0.087014  0.111104  0.098804
2020-03-24  0.0  0.094013  0.101293  0.065998  0.077009  0.092074  0.082399  0.106147  0.085154  0.086628  0.109509  0.099777
2020-03-25  0.0  0.090645  0.104970  0.063779  0.076085  0.087645  0.083210  0.111098  0.087057  0.086236  0.110251  0.099022
2020-03-26  0.0  0.090800  0.105562  0.063394  0.076115  0.086362  0.083727  0.111753  0.086369  0.086271  0.110470  0.099177
2020-03-27  0.0  0.091837  0.105219  0.064185  0.076674  0.086514  0.084248  0.111406  0.085643  0.085013  0.108797  0.100465
2020-03-30  0.0  0.091754  0.104653  0.063863  0.076807  0.086273  0.083813  0.111984  0.086048  0.085475  0.109078  0.100252
2020-03-31  0.0  0.091814  0.104253  0.064331  0.077306  0.086907  0.083762  0.111193  0.086430  0.085522  0.107738  0.100744
2020-04-01  0.0  0.091971  0.104538  0.064298  0.077311  0.087048  0.083823  0.111070  0.086208  0.085045  0.107919  0.100768
2020-04-02  0.0  0.092004  0.104552  0.064660  0.077105  0.087193  0.083804  0.111982  0.085706  0.084526  0.107875  0.100594
2020-04-03  0.0  0.092274  0.104891  0.063068  0.077221  0.087488  0.083986  0.111823  0.086008  0.084491  0.107648  0.101104
2020-04-06  0.0  0.092172  0.104784  0.063125  0.077238  0.087677  0.084019  0.111811  0.086162  0.084197  0.107702  0.101113
2020-04-07  0.0  0.091571  0.104108  0.064310  0.077597  0.087676  0.083413  0.113686  0.086161  0.084066  0.108514  0.098899
2020-04-08  0.0  0.091306  0.104183  0.064241  0.077586  0.087795  0.083617  0.113642  0.086193  0.084067  0.108555  0.098815
2020-04-09  0.0  0.090986  0.104933  0.063954  0.077718  0.087980  0.084303  0.114527  0.084598  0.083673  0.108176  0.099152
2020-04-13  0.0  0.090432  0.105327  0.064241  0.077074  0.088249  0.084686  0.114949  0.083905  0.083171  0.108632  0.099335
2020-04-14  0.0  0.090384  0.105512  0.064373  0.076965  0.088126  0.084845  0.115244  0.083297  0.083002  0.108773  0.099478
2020-04-15  0.0  0.090920  0.105438  0.064786  0.077399  0.088468  0.084825  0.114124  0.083323  0.083064  0.108717  0.098937
2020-04-16  0.0  0.090517  0.105825  0.064701  0.077218  0.088483  0.084959  0.114220  0.083056  0.082948  0.109060  0.099014
2020-04-17  0.0  0.090651  0.105843  0.064477  0.077189  0.088662  0.085120  0.114137  0.083073  0.082916  0.108853  0.099079
2020-04-20  0.0  0.090545  0.106306  0.063091  0.076875  0.088234  0.085568  0.114655  0.083154  0.083018  0.109456  0.099098
2020-04-21  0.0  0.090500  0.106624  0.063120  0.076979  0.088222  0.085684  0.114535  0.082883  0.082710  0.109606  0.099136
2020-04-22  0.0  0.090639  0.106351  0.063309  0.077030  0.088368  0.085364  0.114535  0.083102  0.082906  0.109272  0.099124
2020-04-23  0.0  0.090642  0.106043  0.063191  0.077176  0.088544  0.085060  0.114754  0.083250  0.082798  0.109390  0.099154
2020-04-24  0.0  0.090655  0.106008  0.063026  0.077221  0.088530  0.085075  0.114738  0.083324  0.082755  0.109426  0.099241
2020-04-27  0.0  0.090594  0.106089  0.063119  0.077172  0.088608  0.084997  0.114690  0.083398  0.082792  0.109357  0.099184
2020-04-28  0.0  0.090398  0.106233  0.063131  0.076909  0.088416  0.085136  0.114958  0.083243  0.082970  0.109474  0.099132
2020-04-29  0.0  0.090310  0.106178  0.063074  0.076938  0.088293  0.085190  0.115053  0.083401  0.083076  0.109267  0.099221
2020-04-30  0.0  0.090394  0.104906  0.062434  0.076984  0.088471  0.084916  0.115571  0.083769  0.083475  0.109738  0.099343
2020-05-01  0.0  0.090110  0.104994  0.062472  0.076951  0.088427  0.085025  0.115537  0.083861  0.083405  0.109806  0.099412
2020-05-04  0.0  0.090201  0.105223  0.062259  0.076959  0.088393  0.085030  0.115766  0.083885  0.083487  0.109849  0.098948
2020-05-05  0.0  0.090190  0.105312  0.062039  0.076961  0.088369  0.085124  0.115777  0.083911  0.083450  0.109851  0.099017
2020-05-06  0.0  0.090152  0.105629  0.062056  0.076885  0.088250  0.085366  0.115784  0.083605  0.083129  0.109879  0.099265
2020-05-07  0.0  0.090500  0.105743  0.062001  0.076772  0.088462  0.085451  0.115557  0.083401  0.082618  0.110184  0.099310
2020-05-08  0.0  0.090386  0.105594  0.062046  0.076642  0.088458  0.085467  0.115686  0.083445  0.082701  0.110290  0.099286
2020-05-11  0.0  0.090437  0.105731  0.061651  0.076325  0.087969  0.085959  0.115870  0.083728  0.082542  0.110475  0.099314
2020-05-12  0.0  0.090292  0.105627  0.061548  0.076336  0.087945  0.085876  0.116146  0.083802  0.082819  0.110368  0.099242
2020-05-13  0.0  0.090138  0.105147  0.061165  0.076261  0.087419  0.086069  0.117757  0.083353  0.083283  0.110742  0.098665
2020-05-14  0.0  0.089835  0.105569  0.060917  0.076273  0.087270  0.086416  0.117672  0.083162  0.083175  0.111028  0.098684
2020-05-15  0.0  0.089587  0.105272  0.060316  0.075570  0.087069  0.086114  0.118992  0.082884  0.083475  0.112537  0.098183
2020-05-18  0.0  0.089538  0.105642  0.060182  0.075748  0.087520  0.086124  0.118628  0.082607  0.083077  0.112458  0.098475
2020-05-19  0.0  0.089451  0.106254  0.060036  0.075690  0.086109  0.086666  0.119110  0.082227  0.082897  0.113139  0.098420
2020-05-20  0.0  0.090788  0.106495  0.064429  0.076296  0.086740  0.086453  0.116859  0.081107  0.081098  0.111941  0.097794
2020-05-21  0.0  0.090517  0.106828  0.063882  0.076426  0.086916  0.087214  0.116419  0.081159  0.080297  0.111807  0.098535
2020-05-22  0.0  0.090368  0.106926  0.063431  0.076181  0.087192  0.086939  0.117217  0.080940  0.079927  0.111601  0.099278
2020-05-26  0.0  0.090013  0.109073  0.062505  0.075158  0.087023  0.086434  0.121126  0.078343  0.078569  0.110580  0.101176
2020-05-27  0.0  0.087851  0.112033  0.060799  0.076752  0.084990  0.089441  0.126257  0.077121  0.075801  0.110100  0.098854
2020-05-28  0.0  0.085701  0.119165  0.057647  0.075168  0.081995  0.093937  0.119469  0.079979  0.071887  0.110334  0.104717
2020-05-29  0.0  0.084449  0.116620  0.054967  0.073090  0.079566  0.093843  0.130220  0.078587  0.076198  0.111238  0.101222
2020-06-01  0.0  0.085187  0.115326  0.058456  0.074396  0.080643  0.092280  0.127437  0.079099  0.074516  0.109438  0.103219
2020-06-02  0.0  0.084697  0.114489  0.058813  0.073839  0.079895  0.091379  0.129844  0.078473  0.075991  0.109169  0.103412
2020-06-03  0.0  0.082562  0.115167  0.056265  0.071657  0.078752  0.090491  0.140642  0.077823  0.077368  0.108085  0.101188
2020-06-04  0.0  0.083434  0.112321  0.056559  0.071738  0.078021  0.088569  0.142105  0.078590  0.077814  0.112268  0.098581
2020-06-05  0.0  0.087428  0.107112  0.057656  0.072953  0.082274  0.090234  0.137178  0.074836  0.077476  0.112264  0.100590
2020-06-08  0.0  0.087324  0.107902  0.056618  0.072543  0.083694  0.089664  0.136799  0.075300  0.077837  0.112108  0.100212
2020-06-09  0.0  0.084278  0.107931  0.053733  0.070600  0.082438  0.089089  0.143464  0.075114  0.079369  0.117439  0.096546
2020-06-10  0.0  0.084659  0.111928  0.054061  0.069697  0.082564  0.091656  0.140311  0.073451  0.077299  0.116804  0.097570
2020-06-11  0.0  0.083464  0.112645  0.051729  0.067093  0.079941  0.092016  0.146803  0.071932  0.076974  0.121873  0.095529
2020-06-12  0.0  0.080693  0.111742  0.051782  0.067082  0.079077  0.092059  0.148375  0.073998  0.082256  0.116631  0.096306
2020-06-15  0.0  0.080061  0.113416  0.050589  0.066690  0.078222  0.093110  0.144830  0.074017  0.083840  0.117742  0.097483
2020-06-16  0.0  0.079335  0.112058  0.052352  0.066251  0.077487  0.092749  0.146845  0.073306  0.084127  0.119006  0.096485
2020-06-17  0.0  0.079785  0.113819  0.052070  0.066306  0.077270  0.092731  0.145041  0.073021  0.085932  0.117152  0.096873
2020-06-18  0.0  0.078371  0.118163  0.047575  0.063259  0.074904  0.098508  0.141611  0.070613  0.087431  0.116652  0.102912
2020-06-19  0.0  0.078832  0.117846  0.047496  0.063089  0.074657  0.098707  0.142341  0.070165  0.087548  0.116649  0.102670
2020-06-22  0.0  0.079535  0.115633  0.047215  0.062444  0.073553  0.096930  0.139475  0.073863  0.089183  0.120650  0.101519
2020-06-23  0.0  0.081077  0.114068  0.046608  0.063678  0.072726  0.095009  0.138059  0.076225  0.093030  0.118913  0.100609
2020-06-24  0.0  0.081284  0.112923  0.046159  0.064218  0.073250  0.094052  0.137182  0.078645  0.094433  0.118234  0.099620
2020-06-25  0.0  0.078328  0.110945  0.044266  0.061935  0.070567  0.094440  0.149172  0.077837  0.095005  0.117718  0.099786
2020-06-26  0.0  0.080760  0.109661  0.044167  0.061962  0.070274  0.094331  0.148621  0.078751  0.095992  0.115336  0.100144
2020-06-29  0.0  0.081786  0.102572  0.045149  0.061703  0.071111  0.094633  0.147219  0.079656  0.097359  0.119068  0.099746
2020-06-30  0.0  0.082735  0.100591  0.048091  0.062898  0.071393  0.093374  0.143726  0.079762  0.098206  0.119376  0.099847
2020-07-01  0.0  0.082842  0.099420  0.047747  0.062217  0.071485  0.092577  0.145144  0.080944  0.101622  0.116441  0.099561
2020-07-02  0.0  0.082449  0.099622  0.046470  0.061617  0.070595  0.096838  0.146827  0.078286  0.098193  0.119010  0.100093
2020-07-06  0.0  0.081426  0.100237  0.046231  0.060878  0.069702  0.099777  0.145652  0.077639  0.099969  0.118479  0.100009
2020-07-07  0.0  0.081356  0.099374  0.046647  0.060761  0.069685  0.099735  0.146720  0.078090  0.100653  0.118268  0.098711
2020-07-08  0.0  0.081708  0.099664  0.046244  0.060519  0.069160  0.100134  0.147203  0.077577  0.100835  0.118853  0.098103
2020-07-09  0.0  0.081859  0.099154  0.046172  0.061080  0.069472  0.099142  0.146445  0.078608  0.100464  0.119297  0.098308
2020-07-10  0.0  0.081878  0.100611  0.045289  0.060563  0.068937  0.100006  0.145523  0.078337  0.099570  0.121331  0.097954
2020-07-13  0.0  0.081495  0.107452  0.046409  0.059495  0.068277  0.104434  0.140191  0.077328  0.097204  0.119978  0.097738
2020-07-14  0.0  0.083633  0.104997  0.046496  0.059954  0.068717  0.101965  0.141663  0.076796  0.099072  0.119731  0.096976
2020-07-15  0.0  0.082327  0.104166  0.046489  0.059850  0.068349  0.104103  0.138730  0.077139  0.099474  0.117835  0.101539
2020-07-16  0.0  0.082042  0.104316  0.046854  0.059772  0.068106  0.104668  0.138972  0.077244  0.099690  0.117127  0.101210
2020-07-17  0.0  0.081935  0.104193  0.046779  0.059715  0.068002  0.103846  0.138783  0.076859  0.099204  0.119783  0.100902
2020-07-20  0.0  0.082334  0.103461  0.046656  0.059696  0.067890  0.103173  0.139377  0.076768  0.101995  0.118712  0.099938
2020-07-21  0.0  0.082837  0.104558  0.046934  0.060215  0.067843  0.101826  0.138429  0.076845  0.101285  0.119040  0.100187
2020-07-22  0.0  0.083020  0.104522  0.045843  0.059721  0.067704  0.100714  0.141593  0.076687  0.101831  0.118006  0.100359
2020-07-23  0.0  0.083587  0.104332  0.045823  0.060036  0.067876  0.100471  0.140907  0.076667  0.100957  0.119166  0.100178
2020-07-24  0.0  0.083457  0.103792  0.045443  0.060140  0.068429  0.098158  0.140504  0.079792  0.100327  0.119596  0.100362
2020-07-27  0.0  0.084042  0.104483  0.045838  0.060495  0.068673  0.097814  0.140272  0.079563  0.099372  0.118237  0.101212
2020-07-28  0.0  0.083877  0.104657  0.045845  0.060818  0.068682  0.097455  0.140308  0.079326  0.098784  0.118554  0.101694
2020-07-29  0.0  0.082395  0.104799  0.045839  0.061053  0.068783  0.096886  0.141244  0.078995  0.099327  0.119230  0.101449
2020-07-30  0.0  0.083863  0.102420  0.046907  0.060924  0.072174  0.094587  0.138359  0.080244  0.102757  0.114460  0.103305
2020-07-31  0.0  0.082208  0.101582  0.046143  0.060745  0.071713  0.093910  0.142660  0.080509  0.103640  0.114305  0.102586
2020-08-03  0.0  0.082179  0.103765  0.046667  0.060816  0.071659  0.092836  0.143113  0.080099  0.103095  0.113262  0.102509
2020-08-04  0.0  0.082293  0.104061  0.046712  0.060768  0.071561  0.092020  0.145104  0.079267  0.102860  0.113092  0.102262
2020-08-05  0.0  0.082155  0.104245  0.046512  0.060878  0.071722  0.092195  0.143783  0.079984  0.103072  0.113062  0.102392
2020-08-06  0.0  0.082755  0.103309  0.046456  0.063195  0.073570  0.091496  0.142485  0.081413  0.101236  0.112117  0.101969
2020-08-07  0.0  0.082229  0.099613  0.046212  0.065178  0.075127  0.090488  0.144086  0.081975  0.101053  0.111619  0.102419
2020-08-10  0.0  0.081942  0.099739  0.046360  0.064654  0.074536  0.088880  0.143940  0.081415  0.103404  0.112038  0.103092
2020-08-11  0.0  0.081867  0.099701  0.045922  0.064888  0.073721  0.089127  0.143856  0.081586  0.103737  0.112904  0.102691
2020-08-12  0.0  0.082242  0.099193  0.046275  0.065182  0.074046  0.088003  0.143854  0.081834  0.102179  0.113898  0.103294
2020-08-13  0.0  0.083394  0.099264  0.046890  0.065585  0.074683  0.087296  0.142737  0.081992  0.101872  0.112845  0.103441
2020-08-14  0.0  0.083860  0.098267  0.046731  0.066813  0.076823  0.086514  0.141282  0.082378  0.101623  0.111785  0.103924
2020-08-17  0.0  0.083422  0.098149  0.046423  0.067148  0.076586  0.086426  0.141092  0.082958  0.102437  0.111707  0.103652
2020-08-18  0.0  0.083245  0.096914  0.048627  0.067425  0.077789  0.086260  0.139832  0.084983  0.100954  0.110616  0.103354
2020-08-19  0.0  0.082121  0.096907  0.049480  0.067218  0.077704  0.085202  0.139289  0.085620  0.103958  0.109492  0.103011
2020-08-20  0.0  0.082106  0.096276  0.049919  0.067489  0.078937  0.084627  0.138491  0.084142  0.105736  0.109609  0.102668
2020-08-21  0.0  0.081989  0.095151  0.050890  0.069371  0.080070  0.084351  0.137651  0.084269  0.104747  0.108794  0.102717
2020-08-24  0.0  0.092333  0.088215  0.047673  0.070967  0.082561  0.081129  0.137552  0.082454  0.094335  0.118116  0.104665
2020-08-25  0.0  0.092347  0.087528  0.047358  0.071732  0.082432  0.081074  0.136197  0.087230  0.093521  0.117307  0.103276
2020-08-26  0.0  0.092123  0.088019  0.047046  0.072005  0.082329  0.080938  0.137217  0.087769  0.092749  0.116544  0.103261
2020-08-27  0.0  0.092642  0.081455  0.046846  0.071550  0.082565  0.079853  0.139560  0.087810  0.090573  0.122735  0.104412
2020-08-28  0.0  0.093334  0.080392  0.047859  0.071552  0.083042  0.079916  0.139447  0.087600  0.090607  0.122206  0.104045
2020-08-31  0.0  0.092766  0.080428  0.047696  0.071578  0.083008  0.079834  0.138588  0.088362  0.090598  0.122684  0.104459
2020-09-01  0.0  0.090109  0.079768  0.047162  0.070741  0.082429  0.079840  0.138346  0.087944  0.096060  0.122947  0.104654
2020-09-02  0.0  0.086512  0.080088  0.047448  0.071265  0.082608  0.080262  0.139734  0.088494  0.096095  0.122266  0.105228
2020-09-03  0.0  0.086526  0.080652  0.048686  0.072593  0.083819  0.082290  0.137721  0.088087  0.092530  0.120085  0.107012
2020-09-04  0.0  0.087923  0.078312  0.052386  0.077219  0.087141  0.071392  0.138683  0.091417  0.093078  0.120268  0.102182
2020-09-08  0.0  0.088311  0.076514  0.052858  0.079575  0.087443  0.070748  0.138552  0.091761  0.093977  0.120057  0.100204
2020-09-09  0.0  0.086442  0.081570  0.052257  0.084775  0.086650  0.065316  0.136700  0.091956  0.093858  0.117097  0.103380
2020-09-10  0.0  0.084675  0.081959  0.052199  0.084457  0.090764  0.063061  0.138959  0.092633  0.094623  0.113745  0.102924
2020-09-11  0.0  0.085708  0.082012  0.052214  0.085079  0.090558  0.063097  0.136757  0.093644  0.093509  0.115039  0.102384
2020-09-14  0.0  0.084145  0.083458  0.052147  0.084417  0.088979  0.062142  0.134826  0.097960  0.096154  0.114130  0.101641
2020-09-15  0.0  0.085585  0.084357  0.052747  0.084455  0.089316  0.062000  0.135884  0.094411  0.095762  0.113446  0.102036
2020-09-16  0.0  0.085616  0.084108  0.052343  0.084242  0.089459  0.061886  0.134782  0.092561  0.096079  0.113662  0.105262
2020-09-17  0.0  0.084848  0.082656  0.050822  0.085560  0.091403  0.061023  0.133900  0.093611  0.095363  0.113712  0.107102
2020-09-18  0.0  0.087002  0.081642  0.051186  0.085821  0.092127  0.061726  0.133898  0.090613  0.095912  0.114324  0.105750
2020-09-21  0.0  0.085510  0.081070  0.054058  0.088715  0.095055  0.061024  0.133269  0.088042  0.094806  0.115195  0.103255
2020-09-22  0.0  0.081178  0.082780  0.054835  0.092600  0.088284  0.061721  0.139854  0.085094  0.098386  0.112083  0.103186
2020-09-23  0.0  0.081302  0.083271  0.054820  0.092295  0.088088  0.062372  0.139641  0.085816  0.098228  0.112465  0.101702
2020-09-24  0.0  0.080791  0.082036  0.055060  0.090584  0.089327  0.061393  0.140302  0.083348  0.098478  0.117757  0.100925
2020-09-25  0.0  0.080956  0.081365  0.055392  0.092271  0.092065  0.060786  0.137885  0.082522  0.096646  0.118743  0.101369
2020-09-28  0.0  0.081557  0.081483  0.055976  0.092490  0.091839  0.060816  0.138949  0.082275  0.096867  0.116356  0.101393
2020-09-29  0.0  0.081356  0.081392  0.055517  0.090002  0.090924  0.060716  0.138013  0.082393  0.101649  0.118649  0.099389
2020-09-30  0.0  0.081056  0.081563  0.054675  0.088755  0.090987  0.061445  0.138726  0.082291  0.102633  0.118053  0.099817
2020-10-01  0.0  0.080712  0.081455  0.061084  0.089708  0.091451  0.061428  0.136894  0.081950  0.101802  0.114348  0.099168
2020-10-02  0.0  0.080335  0.080716  0.059986  0.089767  0.091693  0.061406  0.137599  0.081480  0.103092  0.115332  0.098595
2020-10-05  0.0  0.080377  0.080426  0.059847  0.089724  0.091528  0.061689  0.137354  0.080882  0.102236  0.114967  0.100970
2020-10-06  0.0  0.080101  0.080490  0.058636  0.089407  0.092021  0.062114  0.138489  0.081965  0.102705  0.112847  0.101224
2020-10-07  0.0  0.080750  0.079305  0.058946  0.089902  0.091563  0.062368  0.138820  0.082724  0.104484  0.112305  0.098832
2020-10-08  0.0  0.081094  0.080283  0.059188  0.089233  0.090388  0.062736  0.138041  0.085151  0.106957  0.109473  0.097455
2020-10-09  0.0  0.081142  0.080142  0.057638  0.090293  0.091213  0.063138  0.137657  0.085695  0.104550  0.110561  0.097972
2020-10-12  0.0  0.082512  0.079661  0.059129  0.091958  0.091652  0.062520  0.136070  0.085588  0.104028  0.109791  0.097092
2020-10-13  0.0  0.082912  0.078304  0.059419  0.091888  0.092339  0.062656  0.134837  0.085977  0.104374  0.110434  0.096860
2020-10-14  0.0  0.082805  0.078456  0.059335  0.089683  0.091431  0.063620  0.135327  0.085978  0.105289  0.110926  0.097150
2020-10-15  0.0  0.083275  0.077736  0.060359  0.089014  0.091161  0.063379  0.136715  0.086113  0.105869  0.110510  0.095869
2020-10-16  0.0  0.083518  0.077092  0.059972  0.089225  0.092395  0.062992  0.136204  0.085869  0.107134  0.109552  0.096048
2020-10-19  0.0  0.083539  0.079572  0.059395  0.089234  0.092250  0.063277  0.136225  0.085809  0.106486  0.108944  0.095269
2020-10-20  0.0  0.083350  0.078851  0.059359  0.090987  0.093067  0.063473  0.133849  0.086095  0.109128  0.107220  0.094620
2020-10-21  0.0  0.083196  0.078271  0.060664  0.090400  0.095984  0.063139  0.133427  0.085385  0.108278  0.106726  0.094529
2020-10-22  0.0  0.082439  0.077543  0.059810  0.090303  0.094481  0.063346  0.133391  0.086450  0.112726  0.105995  0.093516
2020-10-23  0.0  0.082392  0.077815  0.056806  0.088034  0.094086  0.064168  0.136215  0.086956  0.112735  0.106413  0.094379
2020-10-26  0.0  0.082323  0.077558  0.057120  0.088167  0.094238  0.064120  0.136127  0.087378  0.112748  0.106254  0.093968
2020-10-27  0.0  0.081122  0.077304  0.057121  0.087348  0.091995  0.064397  0.135489  0.088444  0.116278  0.107268  0.093234
2020-10-28  0.0  0.080982  0.077383  0.057176  0.087303  0.089555  0.064601  0.136250  0.088321  0.116616  0.107439  0.094374
2020-10-29  0.0  0.082951  0.077328  0.058973  0.089830  0.089739  0.065131  0.130608  0.091526  0.114001  0.105611  0.094303
2020-10-30  0.0  0.081846  0.075821  0.057637  0.089968  0.089192  0.064941  0.132109  0.093277  0.114739  0.105772  0.094698
2020-11-02  0.0  0.082090  0.075640  0.058023  0.090521  0.089531  0.064580  0.132308  0.094002  0.114899  0.106058  0.092347
2020-11-03  0.0  0.080536  0.077496  0.057613  0.090969  0.088456  0.066441  0.131647  0.092964  0.113546  0.105909  0.094422
2020-11-04  0.0  0.081470  0.077979  0.059344  0.092157  0.087013  0.066579  0.130050  0.092557  0.113544  0.105368  0.093939
2020-11-05  0.0  0.082480  0.075081  0.060930  0.093822  0.088695  0.065563  0.133360  0.094875  0.114980  0.096147  0.094068
2020-11-06  0.0  0.078647  0.077776  0.061852  0.091964  0.087378  0.065211  0.133779  0.095863  0.117029  0.096969  0.093532
2020-11-09  0.0  0.078515  0.077995  0.061301  0.092718  0.087200  0.065042  0.133693  0.096485  0.116610  0.097019  0.093422
2020-11-10  0.0  0.081455  0.081659  0.046617  0.075481  0.087692  0.068306  0.141403  0.097950  0.119851  0.101419  0.098168
2020-11-11  0.0  0.082594  0.082214  0.046567  0.076356  0.088084  0.068202  0.136989  0.098858  0.119313  0.102053  0.098769
2020-11-12  0.0  0.083616  0.082015  0.046447  0.076132  0.087777  0.067739  0.135848  0.098447  0.120874  0.102366  0.098739
2020-11-13  0.0  0.082402  0.082171  0.045316  0.074745  0.086811  0.066866  0.138207  0.099012  0.123978  0.103033  0.097458
2020-11-16  0.0  0.082386  0.083306  0.043730  0.073270  0.086609  0.071054  0.137124  0.095852  0.122515  0.104781  0.099373
2020-11-17  0.0  0.081759  0.084778  0.042061  0.072764  0.085273  0.071640  0.136863  0.096227  0.123121  0.105646  0.099868
2020-11-18  0.0  0.081506  0.085822  0.041881  0.073120  0.085237  0.075027  0.140750  0.095423  0.116783  0.105418  0.099033
2020-11-19  0.0  0.083042  0.085815  0.041507  0.072987  0.085680  0.077207  0.140313  0.094367  0.113861  0.104699  0.100522
2020-11-20  0.0  0.082315  0.085515  0.041496  0.072605  0.085398  0.077559  0.141151  0.094190  0.114244  0.105040  0.100485
2020-11-23  0.0  0.082781  0.085628  0.041512  0.072448  0.085426  0.077485  0.140827  0.094084  0.114340  0.105131  0.100338
2020-11-24  0.0  0.082776  0.085221  0.039525  0.071776  0.084705  0.078190  0.140690  0.096434  0.115074  0.105813  0.099796
2020-11-25  0.0  0.081573  0.085429  0.039041  0.070582  0.084479  0.078451  0.141066  0.097971  0.115303  0.106470  0.099636
2020-11-27  0.0  0.080956  0.085830  0.039146  0.070503  0.084156  0.079111  0.141235  0.097988  0.115159  0.106182  0.099734
2020-11-30  0.0  0.080501  0.086777  0.038814  0.070346  0.083559  0.078846  0.141190  0.100222  0.114082  0.105110  0.100553
2020-12-01  0.0  0.080696  0.086664  0.037503  0.068829  0.083241  0.079387  0.142086  0.101650  0.114391  0.104478  0.101075
2020-12-02  0.0  0.083242  0.084845  0.037207  0.068803  0.086376  0.077653  0.139783  0.104001  0.112543  0.104847  0.100699
2020-12-03  0.0  0.082309  0.085653  0.036966  0.068919  0.086465  0.078090  0.138402  0.103698  0.112385  0.104574  0.102537
2020-12-04  0.0  0.083292  0.085829  0.036677  0.068327  0.085732  0.079264  0.138933  0.107207  0.110407  0.102483  0.101848
2020-12-07  0.0  0.082566  0.086166  0.036080  0.068490  0.085791  0.079434  0.139424  0.106639  0.110394  0.102713  0.102303
2020-12-08  0.0  0.081830  0.086017  0.035591  0.067850  0.085535  0.080498  0.138276  0.107443  0.111565  0.103028  0.102368
2020-12-09  0.0  0.081661  0.085561  0.035306  0.067973  0.085638  0.080732  0.138365  0.108325  0.110293  0.102142  0.104004
2020-12-10  0.0  0.082027  0.084693  0.035651  0.068470  0.086246  0.079288  0.138996  0.107750  0.110235  0.102014  0.104630
2020-12-11  0.0  0.081702  0.084425  0.035392  0.068450  0.085430  0.079201  0.140251  0.107248  0.110105  0.103189  0.104608
2020-12-14  0.0  0.082015  0.084474  0.035522  0.067646  0.085077  0.078989  0.139810  0.108857  0.110241  0.102543  0.104826
2020-12-15  0.0  0.080848  0.085983  0.034777  0.066827  0.083839  0.081106  0.139373  0.110143  0.110475  0.102183  0.104446
2020-12-16  0.0  0.080967  0.086719  0.034890  0.066791  0.084067  0.081813  0.139981  0.107605  0.108395  0.104379  0.104393
2020-12-17  0.0  0.080792  0.088351  0.034600  0.066417  0.083721  0.081987  0.139480  0.107060  0.106495  0.104785  0.106313
2020-12-18  0.0  0.081764  0.087381  0.034211  0.066099  0.084440  0.082047  0.139306  0.104843  0.105295  0.105540  0.109074
2020-12-21  0.0  0.081689  0.087581  0.034228  0.065808  0.084358  0.081659  0.139390  0.104240  0.107230  0.105249  0.108568
2020-12-22  0.0  0.082019  0.087494  0.034346  0.065881  0.084485  0.082828  0.138465  0.104149  0.106504  0.105295  0.108534
2020-12-23  0.0  0.081177  0.089304  0.033939  0.065194  0.083707  0.084911  0.138829  0.103134  0.106085  0.104690  0.109030
2020-12-24  0.0  0.081305  0.088851  0.033845  0.065558  0.084069  0.084489  0.138096  0.104360  0.105998  0.104858  0.108571
2020-12-28  0.0  0.080992  0.089574  0.033715  0.065716  0.083871  0.084298  0.137841  0.104372  0.105178  0.104894  0.109549
2020-12-29  0.0  0.081218  0.088986  0.033804  0.065971  0.084162  0.084293  0.137193  0.104363  0.105323  0.105817  0.108871
2020-12-30  0.0  0.081105  0.088785  0.033924  0.065759  0.083869  0.084039  0.136693  0.103742  0.106244  0.106205  0.109636
2020-12-31  0.0  0.079995  0.089166  0.033574  0.065477  0.083356  0.084541  0.138163  0.104149  0.104883  0.107192  0.109503
2021-01-04  0.0  0.080286  0.089454  0.033653  0.065602  0.083687  0.084872  0.137959  0.103707  0.103599  0.106792  0.110387
2021-01-05  0.0  0.081596  0.090971  0.034557  0.066526  0.083102  0.085203  0.138201  0.097658  0.100794  0.109158  0.112234
2021-01-06  0.0  0.079846  0.090875  0.034399  0.066975  0.082814  0.085091  0.137905  0.097790  0.102290  0.110438  0.111576
2021-01-07  0.0  0.076209  0.092689  0.034901  0.064747  0.082367  0.085086  0.140508  0.099723  0.099339  0.111024  0.113408
2021-01-08  0.0  0.077700  0.093845  0.034940  0.065031  0.084259  0.083528  0.141896  0.099255  0.096779  0.109739  0.113028
2021-01-11  0.0  0.077936  0.093804  0.034997  0.065988  0.086850  0.083353  0.141584  0.099654  0.096084  0.110283  0.109466
2021-01-12  0.0  0.075535  0.095228  0.033054  0.062878  0.086734  0.085961  0.150653  0.093474  0.093604  0.114690  0.108190
2021-01-13  0.0  0.076205  0.096677  0.032954  0.062771  0.087093  0.086596  0.149922  0.094190  0.093371  0.113700  0.106520
2021-01-14  0.0  0.074732  0.098582  0.032533  0.062060  0.085489  0.089450  0.149098  0.092451  0.090415  0.112671  0.112519
2021-01-15  0.0  0.076471  0.096198  0.031955  0.061210  0.087083  0.086805  0.151496  0.094564  0.091817  0.113037  0.109364
2021-01-19  0.0  0.074580  0.095935  0.030809  0.059802  0.088647  0.085616  0.156673  0.093016  0.091063  0.113107  0.110750
2021-01-20  0.0  0.071229  0.104145  0.028763  0.056395  0.083848  0.088008  0.145534  0.086559  0.086525  0.140965  0.108029
2021-01-21  0.0  0.077289  0.096878  0.028577  0.056634  0.086253  0.091658  0.146079  0.083290  0.086254  0.139520  0.107568
2021-01-22  0.0  0.076177  0.097402  0.028469  0.056722  0.085937  0.091029  0.146880  0.083682  0.086416  0.138960  0.108325
2021-01-25  0.0  0.074755  0.094200  0.033272  0.072233  0.090035  0.087496  0.140456  0.084495  0.085222  0.134228  0.103608
2021-01-26  0.0  0.074022  0.092962  0.033028  0.070824  0.090737  0.089664  0.149068  0.082955  0.082561  0.131599  0.102580
2021-01-27  0.0  0.074056  0.091948  0.032761  0.070400  0.090417  0.093888  0.148508  0.082481  0.081913  0.130811  0.102816
2021-01-28  0.0  0.076759  0.088307  0.035475  0.072324  0.093934  0.096900  0.147698  0.087606  0.084320  0.117455  0.099222
2021-01-29  0.0  0.075513  0.088219  0.035374  0.070883  0.094875  0.095709  0.152138  0.090111  0.082633  0.114669  0.099876
2021-02-01  0.0  0.077027  0.087475  0.037584  0.072337  0.098443  0.092621  0.144670  0.091583  0.085209  0.115916  0.097132
2021-02-02  0.0  0.077533  0.086612  0.038127  0.072787  0.098638  0.089741  0.147800  0.088809  0.088623  0.118278  0.093052
2021-02-03  0.0  0.076579  0.085565  0.038386  0.070728  0.093751  0.089247  0.150755  0.090308  0.090144  0.124679  0.089857
2021-02-04  0.0  0.076812  0.085000  0.037663  0.070859  0.094028  0.089500  0.151348  0.090374  0.091071  0.123643  0.089702
2021-02-05  0.0  0.076931  0.085242  0.037778  0.070058  0.094098  0.089511  0.150892  0.090851  0.090826  0.124045  0.089769
2021-02-08  0.0  0.075836  0.084435  0.040615  0.070920  0.096129  0.089274  0.147497  0.090804  0.090486  0.124180  0.089824
2021-02-09  0.0  0.077232  0.085392  0.040626  0.073805  0.096927  0.088466  0.146415  0.089478  0.089574  0.122407  0.089678
2021-02-10  0.0  0.077424  0.085300  0.040944  0.073828  0.097366  0.088253  0.146209  0.089281  0.089498  0.122769  0.089127
2021-02-11  0.0  0.077465  0.085011  0.040887  0.073888  0.097316  0.088166  0.146095  0.089045  0.090109  0.123969  0.088048
2021-02-12  0.0  0.077451  0.084542  0.043113  0.075607  0.097362  0.087040  0.144321  0.089035  0.090866  0.123016  0.087647
2021-02-16  0.0  0.076982  0.085766  0.042716  0.075610  0.096333  0.087205  0.146065  0.089444  0.090166  0.122416  0.087297
2021-02-17  0.0  0.077872  0.086022  0.043002  0.074840  0.096219  0.087005  0.148163  0.089334  0.089461  0.120668  0.087413
2021-02-18  0.0  0.078179  0.086278  0.042918  0.074803  0.096108  0.086148  0.147830  0.089632  0.090266  0.120580  0.087257
2021-02-19  0.0  0.079190  0.085104  0.044326  0.074207  0.096231  0.085466  0.148793  0.090041  0.089931  0.120320  0.086391
2021-02-22  0.0  0.078768  0.085350  0.045414  0.075104  0.095100  0.086462  0.145600  0.092102  0.089449  0.119493  0.087158
2021-02-23  0.0  0.079541  0.085960  0.044951  0.075608  0.096061  0.083473  0.148144  0.093004  0.087431  0.121408  0.084419
2021-02-24  0.0  0.079184  0.086663  0.044611  0.075375  0.095627  0.085837  0.147805  0.093563  0.086518  0.121113  0.083704
2021-02-25  0.0  0.079670  0.087195  0.044610  0.074574  0.094130  0.085027  0.149266  0.094481  0.086276  0.121107  0.083665
2021-02-26  0.0  0.079607  0.086619  0.045952  0.076025  0.094200  0.080157  0.151136  0.095065  0.088982  0.123758  0.078500
2021-03-01  0.0  0.080578  0.087783  0.047308  0.075717  0.095925  0.081081  0.145442  0.093866  0.087985  0.124909  0.079407
2021-03-02  0.0  0.080632  0.086049  0.047988  0.074668  0.094046  0.078980  0.144933  0.098152  0.088990  0.126352  0.079212
2021-03-03  0.0  0.080758  0.085713  0.048052  0.074607  0.094492  0.077899  0.145364  0.097883  0.089895  0.126555  0.078782
2021-03-04  0.0  0.081226  0.084907  0.048375  0.075042  0.095363  0.075783  0.147612  0.098275  0.090106  0.126343  0.076969
2021-03-05  0.0  0.079944  0.085568  0.048937  0.075395  0.093906  0.074500  0.149033  0.101452  0.091278  0.124129  0.075857
2021-03-08  0.0  0.080093  0.085890  0.049977  0.076957  0.093075  0.075256  0.141127  0.104038  0.092745  0.122479  0.078361
2021-03-09  0.0  0.079902  0.085523  0.050722  0.077537  0.093006  0.073619  0.142031  0.104543  0.091601  0.122868  0.078647
2021-03-10  0.0  0.080712  0.086105  0.050887  0.078463  0.093935  0.070824  0.143983  0.105701  0.091508  0.123770  0.074112
2021-03-11  0.0  0.080407  0.086711  0.051024  0.077869  0.093394  0.071404  0.141237  0.106461  0.092192  0.124710  0.074591
2021-03-12  0.0  0.080634  0.086680  0.051258  0.077835  0.093539  0.070539  0.143041  0.105236  0.092409  0.124463  0.074367
2021-03-15  0.0  0.081083  0.086984  0.051677  0.078210  0.093470  0.070764  0.142048  0.104131  0.091671  0.125273  0.074688
2021-03-16  0.0  0.081979  0.087589  0.051543  0.078119  0.093636  0.070693  0.142034  0.103761  0.091130  0.125028  0.074487
2021-03-17  0.0  0.081480  0.087333  0.050389  0.077638  0.091872  0.070499  0.143129  0.104686  0.092407  0.126580  0.073988
2021-03-18  0.0  0.079706  0.086726  0.049104  0.076680  0.093528  0.069515  0.142164  0.114839  0.092526  0.123392  0.071821
2021-03-19  0.0  0.081909  0.085187  0.048351  0.077110  0.094395  0.067720  0.142578  0.114680  0.092939  0.124817  0.070313
2021-03-22  0.0  0.088366  0.083182  0.047821  0.081790  0.095006  0.066875  0.138796  0.109554  0.095094  0.124735  0.068781
2021-03-23  0.0  0.088503  0.083440  0.047663  0.081264  0.094905  0.067668  0.136115  0.108387  0.096270  0.126183  0.069603
2021-03-24  0.0  0.086605  0.083560  0.047719  0.080709  0.093046  0.068163  0.137298  0.110106  0.095789  0.125817  0.071189
2021-03-25  0.0  0.085950  0.081417  0.047211  0.080366  0.092411  0.067651  0.138134  0.113644  0.096141  0.125761  0.071313
2021-03-26  0.0  0.085677  0.082876  0.048210  0.079645  0.091426  0.067722  0.136404  0.113151  0.095619  0.127419  0.071849
2021-03-29  0.0  0.084902  0.083778  0.048904  0.080525  0.092462  0.067546  0.133033  0.111097  0.100681  0.123910  0.073163
2021-03-30  0.0  0.085043  0.083912  0.049480  0.080177  0.092611  0.067805  0.132383  0.111180  0.100123  0.123965  0.073319
2021-03-31  0.0  0.085900  0.083557  0.051082  0.081323  0.093815  0.067583  0.129562  0.112351  0.099661  0.122251  0.072916
2021-04-01  0.0  0.085585  0.084712  0.051221  0.080744  0.093451  0.067254  0.129564  0.112630  0.099241  0.122899  0.072698
2021-04-05  0.0  0.084813  0.087858  0.050352  0.080012  0.093040  0.066853  0.128223  0.114034  0.098917  0.122613  0.073284
2021-04-06  0.0  0.086007  0.086201  0.051362  0.081113  0.093522  0.066548  0.126716  0.114862  0.098885  0.122771  0.072013
2021-04-07  0.0  0.086179  0.086151  0.051368  0.081414  0.093702  0.066486  0.126737  0.114774  0.098647  0.122581  0.071961
2021-04-08  0.0  0.084062  0.085622  0.051341  0.081489  0.093493  0.066248  0.127247  0.114834  0.101446  0.122623  0.071594
2021-04-09  0.0  0.084828  0.085812  0.051448  0.081543  0.093953  0.065373  0.127625  0.114462  0.101842  0.122020  0.071096
2021-04-12  0.0  0.085425  0.088117  0.048690  0.082278  0.092118  0.062414  0.126223  0.110644  0.103722  0.130331  0.070038
2021-04-13  0.0  0.086072  0.087058  0.048175  0.082806  0.092389  0.061783  0.124910  0.109466  0.104184  0.133809  0.069348
2021-04-14  0.0  0.086509  0.087528  0.048313  0.082591  0.094272  0.061316  0.130728  0.108074  0.100160  0.131366  0.069143
2021-04-15  0.0  0.086130  0.087404  0.047211  0.082311  0.093784  0.061732  0.129353  0.112299  0.099240  0.130354  0.070180
2021-04-16  0.0  0.086649  0.088175  0.047244  0.085305  0.097331  0.061697  0.129474  0.108413  0.099082  0.124724  0.071905
2021-04-19  0.0  0.085798  0.088902  0.048818  0.085033  0.097138  0.061601  0.128742  0.108667  0.098592  0.124960  0.071748
2021-04-20  0.0  0.085476  0.088377  0.048746  0.087173  0.097018  0.061758  0.128484  0.108539  0.098317  0.124814  0.071299
2021-04-21  0.0  0.086558  0.089580  0.048033  0.084573  0.095940  0.061947  0.130504  0.108175  0.097799  0.125512  0.071379
2021-04-22  0.0  0.085372  0.089977  0.050134  0.084764  0.095446  0.062206  0.130825  0.108520  0.098034  0.123615  0.071107
2021-04-23  0.0  0.084278  0.090205  0.050525  0.084322  0.095739  0.062333  0.130218  0.108932  0.098130  0.123988  0.071330
2021-04-26  0.0  0.083469  0.090275  0.051101  0.083050  0.095628  0.062110  0.130570  0.109541  0.098573  0.123964  0.071719
2021-04-27  0.0  0.083615  0.090481  0.051620  0.083450  0.095773  0.062472  0.128047  0.110024  0.098801  0.123815  0.071901
2021-04-28  0.0  0.083829  0.090355  0.051709  0.083637  0.095671  0.062491  0.127979  0.110041  0.098728  0.123678  0.071881
2021-04-29  0.0  0.083451  0.089415  0.050656  0.084482  0.095025  0.061903  0.127408  0.111342  0.099691  0.125075  0.071552
2021-04-30  0.0  0.084186  0.085270  0.051231  0.083799  0.095983  0.062700  0.126734  0.112030  0.099965  0.125813  0.072291
2021-05-03  0.0  0.083795  0.084273  0.051165  0.083660  0.095969  0.062407  0.127131  0.112215  0.100008  0.126930  0.072447
2021-05-04  0.0  0.083596  0.083996  0.050086  0.083366  0.096298  0.061797  0.129364  0.110243  0.102048  0.127391  0.071814
2021-05-05  0.0  0.082644  0.082965  0.051272  0.082939  0.095663  0.061840  0.127515  0.108705  0.106697  0.126919  0.072841
2021-05-06  0.0  0.082773  0.083903  0.050700  0.083558  0.096492  0.062398  0.128536  0.105967  0.103711  0.128290  0.073672
2021-05-07  0.0  0.082392  0.082821  0.052103  0.084007  0.098516  0.062426  0.125249  0.105447  0.105044  0.128318  0.073676
2021-05-10  0.0  0.083510  0.083149  0.050528  0.083820  0.099082  0.063644  0.124257  0.104780  0.102867  0.126289  0.078071
2021-05-11  0.0  0.083042  0.078633  0.050435  0.085378  0.098902  0.060336  0.128902  0.108096  0.105766  0.126150  0.074360
2021-05-12  0.0  0.085377  0.081120  0.049426  0.087252  0.100112  0.062284  0.125577  0.103577  0.106689  0.123594  0.074993
2021-05-13  0.0  0.083753  0.082699  0.051882  0.090435  0.097268  0.063650  0.126273  0.100341  0.103151  0.127154  0.073396
2021-05-14  0.0  0.083549  0.083716  0.051716  0.088860  0.094228  0.064925  0.123716  0.101428  0.101588  0.130469  0.075807
2021-05-17  0.0  0.085654  0.080610  0.050511  0.087935  0.095195  0.064462  0.122888  0.100954  0.100415  0.135138  0.076237
2021-05-18  0.0  0.085341  0.080410  0.050049  0.087073  0.096265  0.062987  0.127728  0.098309  0.098035  0.140130  0.073674
2021-05-19  0.0  0.084700  0.081045  0.049231  0.085946  0.094156  0.064910  0.127407  0.098476  0.099925  0.140881  0.073322
2021-05-20  0.0  0.081520  0.080865  0.048229  0.085455  0.092919  0.068206  0.125555  0.097808  0.100415  0.139486  0.079542
2021-05-21  0.0  0.082749  0.079031  0.049055  0.088136  0.094522  0.066853  0.127160  0.097069  0.099881  0.136638  0.078904
2021-05-24  0.0  0.082256  0.080514  0.048711  0.087139  0.093764  0.067875  0.126672  0.098064  0.099245  0.136198  0.079561
2021-05-25  0.0  0.081703  0.078392  0.048431  0.087422  0.094802  0.066819  0.127429  0.099692  0.100710  0.135803  0.078797
2021-05-26  0.0  0.080827  0.078536  0.047964  0.086606  0.095035  0.067104  0.127459  0.100712  0.100125  0.135858  0.079773
2021-05-27  0.0  0.081162  0.078540  0.048851  0.087475  0.097418  0.066943  0.126484  0.100264  0.099629  0.133614  0.079619
2021-05-28  0.0  0.081060  0.078301  0.048817  0.086678  0.096613  0.066650  0.124883  0.100059  0.102646  0.133703  0.080590
2021-06-01  0.0  0.080128  0.078960  0.051620  0.085389  0.095126  0.069052  0.123668  0.099130  0.101074  0.131817  0.084035
2021-06-02  0.0  0.080351  0.080117  0.049716  0.087750  0.097056  0.069620  0.124356  0.100594  0.101340  0.124109  0.084991
2021-06-03  0.0  0.079127  0.079979  0.049259  0.089506  0.096339  0.070692  0.125821  0.099323  0.100642  0.124719  0.084592
2021-06-04  0.0  0.081749  0.078746  0.048960  0.090895  0.099449  0.069285  0.123348  0.097398  0.101396  0.126009  0.082765
2021-06-07  0.0  0.081299  0.082013  0.049411  0.090238  0.099083  0.068145  0.123048  0.097325  0.100577  0.125155  0.083706
2021-06-08  0.0  0.080242  0.081750  0.049026  0.090904  0.100217  0.067732  0.123983  0.096584  0.101388  0.124469  0.083705
2021-06-09  0.0  0.081579  0.080082  0.048147  0.089496  0.100531  0.068098  0.125305  0.099762  0.096850  0.129254  0.080898
2021-06-10  0.0  0.081118  0.080674  0.048421  0.089410  0.098648  0.068370  0.127410  0.100193  0.097425  0.127352  0.080978
2021-06-11  0.0  0.080956  0.080743  0.048706  0.087879  0.098480  0.068920  0.130755  0.100293  0.098453  0.123130  0.081686
2021-06-14  0.0  0.081191  0.080681  0.048742  0.088497  0.098608  0.069806  0.131137  0.099598  0.098961  0.120957  0.081822
2021-06-15  0.0  0.079473  0.081928  0.049310  0.087493  0.097561  0.070807  0.131275  0.101522  0.098280  0.120627  0.081723
2021-06-16  0.0  0.078872  0.083478  0.049174  0.086286  0.097537  0.071428  0.133882  0.097619  0.097958  0.119226  0.084541
2021-06-17  0.0  0.078891  0.083849  0.049826  0.087617  0.097575  0.072406  0.129491  0.097152  0.096233  0.120980  0.085980
2021-06-18  0.0  0.078675  0.085666  0.048247  0.080532  0.096051  0.073083  0.131625  0.098819  0.097546  0.122338  0.087416
2021-06-21  0.0  0.079614  0.087499  0.048785  0.079017  0.097454  0.076528  0.126461  0.098738  0.092587  0.122567  0.090750
2021-06-22  0.0  0.079079  0.088756  0.047493  0.077774  0.094941  0.078181  0.125869  0.096932  0.092875  0.124871  0.093228
2021-06-23  0.0  0.079132  0.088487  0.047684  0.077928  0.095158  0.077955  0.126679  0.096648  0.092575  0.124967  0.092787
2021-06-24  0.0  0.078769  0.088352  0.047634  0.078471  0.095279  0.078364  0.126251  0.096398  0.092910  0.124315  0.093257
2021-06-25  0.0  0.078907  0.088789  0.048453  0.077652  0.094511  0.078854  0.125484  0.096511  0.093045  0.123757  0.094039
2021-06-28  0.0  0.078667  0.088837  0.047944  0.075826  0.093301  0.079609  0.123851  0.098515  0.091819  0.128788  0.092843
2021-06-29  0.0  0.079651  0.087865  0.046169  0.075624  0.092973  0.078903  0.124655  0.098479  0.092095  0.130072  0.093515
2021-06-30  0.0  0.079846  0.087939  0.046139  0.075630  0.093187  0.079212  0.124589  0.098489  0.089850  0.130151  0.094969
2021-07-01  0.0  0.079736  0.087436  0.046766  0.077294  0.093200  0.079107  0.122618  0.097649  0.090950  0.129151  0.096092
2021-07-02  0.0  0.081326  0.086432  0.046247  0.077466  0.093989  0.079090  0.122068  0.096942  0.089355  0.129911  0.097173
2021-07-06  0.0  0.083204  0.086399  0.046253  0.078011  0.093801  0.078760  0.122694  0.096627  0.089200  0.127615  0.097435
2021-07-07  0.0  0.083352  0.087000  0.044475  0.078057  0.093693  0.079895  0.122105  0.095903  0.088760  0.128209  0.098551
2021-07-08  0.0  0.082682  0.086879  0.044040  0.078090  0.092682  0.079834  0.125057  0.095693  0.088517  0.127813  0.098712
2021-07-09  0.0  0.081867  0.086336  0.044418  0.076236  0.091767  0.079679  0.125500  0.096342  0.089664  0.128845  0.099346
2021-07-12  0.0  0.079911  0.087397  0.045865  0.072397  0.090276  0.080963  0.126195  0.096120  0.090720  0.130722  0.099434
2021-07-13  0.0  0.079088  0.093326  0.045398  0.072627  0.089574  0.079960  0.127483  0.094680  0.090351  0.129884  0.097629
2021-07-14  0.0  0.079223  0.095703  0.046234  0.072328  0.088962  0.081611  0.127361  0.092323  0.090439  0.130179  0.095637
2021-07-15  0.0  0.080482  0.095685  0.045656  0.071944  0.089576  0.081124  0.126380  0.091833  0.089090  0.132812  0.095418
2021-07-16  0.0  0.081124  0.095721  0.045174  0.071906  0.089338  0.083170  0.126309  0.092152  0.087487  0.131530  0.096088
2021-07-19  0.0  0.080908  0.095071  0.045561  0.071237  0.088493  0.082082  0.126235  0.095521  0.089423  0.131360  0.094110
2021-07-20  0.0  0.080197  0.095229  0.044982  0.070109  0.086708  0.082322  0.133499  0.093679  0.089096  0.129793  0.094386
2021-07-21  0.0  0.081410  0.096173  0.046020  0.068461  0.082404  0.082831  0.135965  0.093618  0.090647  0.129347  0.093124
2021-07-22  0.0  0.079531  0.099737  0.043886  0.066419  0.080853  0.087886  0.136341  0.092485  0.089632  0.128038  0.095192
2021-07-23  0.0  0.078608  0.098580  0.043904  0.066324  0.081306  0.086777  0.137210  0.092421  0.089892  0.129349  0.095629
2021-07-26  0.0  0.078263  0.092581  0.041693  0.063327  0.081730  0.092024  0.132097  0.095751  0.089588  0.123213  0.109732
2021-07-27  0.0  0.078155  0.091056  0.040329  0.063079  0.083269  0.091396  0.136791  0.095356  0.092231  0.120731  0.107608
2021-07-28  0.0  0.078723  0.091840  0.041007  0.063599  0.084064  0.093461  0.136035  0.094695  0.088123  0.119649  0.108804
2021-07-29  0.0  0.079485  0.092649  0.041636  0.063682  0.084178  0.094719  0.132884  0.093864  0.088315  0.119924  0.108663
2021-07-30  0.0  0.078925  0.092240  0.041989  0.063763  0.085533  0.096116  0.132175  0.093275  0.088053  0.119647  0.108283
2021-08-02  0.0  0.081033  0.092385  0.042669  0.064005  0.086322  0.096471  0.133369  0.094258  0.087674  0.120590  0.101225
2021-08-03  0.0  0.078822  0.094330  0.042053  0.063170  0.084706  0.099001  0.134003  0.094509  0.086705  0.121474  0.101229
2021-08-04  0.0  0.078463  0.094851  0.041968  0.063515  0.083853  0.100510  0.134240  0.095340  0.087281  0.117867  0.102113
2021-08-05  0.0  0.078629  0.099402  0.041300  0.063389  0.082454  0.104965  0.128027  0.096201  0.087357  0.117026  0.101249
2021-08-06  0.0  0.079357  0.098673  0.041698  0.063234  0.082577  0.105149  0.127602  0.095943  0.088275  0.117068  0.100423
2021-08-09  0.0  0.077654  0.099305  0.041767  0.061728  0.082619  0.105257  0.128002  0.095931  0.088417  0.118616  0.100703
2021-08-10  0.0  0.077864  0.098839  0.041359  0.061919  0.083945  0.105293  0.128433  0.095033  0.088676  0.118344  0.100295
2021-08-11  0.0  0.076642  0.099985  0.041320  0.062038  0.083602  0.104508  0.127996  0.094063  0.089680  0.119061  0.101106
2021-08-12  0.0  0.075842  0.098957  0.042740  0.061050  0.081314  0.104319  0.126920  0.096489  0.088565  0.123634  0.100170
2021-08-13  0.0  0.075986  0.098803  0.043095  0.060779  0.080999  0.104044  0.126677  0.098571  0.088371  0.122373  0.100302
2021-08-16  0.0  0.075674  0.099478  0.042813  0.060317  0.080628  0.106142  0.125173  0.097813  0.087886  0.121345  0.102731
2021-08-17  0.0  0.075110  0.101964  0.042315  0.059959  0.080149  0.111833  0.123813  0.097247  0.087185  0.118094  0.102330
2021-08-18  0.0  0.076394  0.102302  0.042895  0.060864  0.080764  0.111099  0.125908  0.099914  0.088538  0.117361  0.093961
2021-08-19  0.0  0.076972  0.103262  0.043475  0.061495  0.081356  0.107910  0.125388  0.100069  0.090961  0.112633  0.096479
2021-08-20  0.0  0.076954  0.103459  0.042875  0.061714  0.081955  0.106812  0.124753  0.099265  0.091724  0.114038  0.096451
2021-08-23  0.0  0.076605  0.102358  0.042683  0.061891  0.081796  0.104683  0.125246  0.100081  0.090199  0.119279  0.095180
2021-08-24  0.0  0.076825  0.101121  0.041090  0.062346  0.081966  0.103731  0.125898  0.101464  0.088695  0.122578  0.094286
2021-08-25  0.0  0.077831  0.101819  0.040793  0.062850  0.082155  0.104990  0.124167  0.101044  0.088296  0.122050  0.094006
2021-08-26  0.0  0.077480  0.102273  0.041058  0.062184  0.081702  0.105783  0.123886  0.102292  0.088056  0.121141  0.094145
2021-08-27  0.0  0.077352  0.101361  0.040513  0.061498  0.081608  0.104546  0.128113  0.103043  0.090061  0.120005  0.091900
2021-08-30  0.0  0.079922  0.097493  0.040513  0.064499  0.083195  0.104605  0.127440  0.101694  0.089791  0.120172  0.090677
2021-08-31  0.0  0.079220  0.095767  0.039623  0.063744  0.081623  0.101371  0.134959  0.100510  0.096274  0.119913  0.086996
2021-09-01  0.0  0.080251  0.093799  0.040709  0.064017  0.083626  0.098572  0.135793  0.103751  0.095395  0.119267  0.084818
2021-09-02  0.0  0.080629  0.094859  0.040811  0.064078  0.083817  0.099934  0.135569  0.099920  0.094545  0.119800  0.086039
2021-09-03  0.0  0.080812  0.093827  0.039864  0.064022  0.082741  0.099883  0.137701  0.100143  0.096201  0.118262  0.086544
2021-09-07  0.0  0.080185  0.094718  0.039935  0.064315  0.082690  0.100035  0.137969  0.100774  0.094471  0.118425  0.086483
2021-09-08  0.0  0.080802  0.096048  0.040563  0.065663  0.080680  0.101591  0.134767  0.099653  0.093615  0.118566  0.088050
2021-09-09  0.0  0.080137  0.097543  0.041870  0.066214  0.081288  0.102894  0.132566  0.099720  0.090443  0.118918  0.088407
2021-09-10  0.0  0.080941  0.098608  0.042272  0.066942  0.081883  0.104033  0.133196  0.092421  0.095290  0.115140  0.089273
2021-09-13  0.0  0.081795  0.098789  0.042987  0.067336  0.083093  0.102713  0.135660  0.091801  0.092749  0.113492  0.089586
2021-09-14  0.0  0.081856  0.099273  0.042116  0.066838  0.083361  0.102470  0.135771  0.091444  0.093663  0.113530  0.089676
2021-09-15  0.0  0.080687  0.098531  0.041921  0.065852  0.082011  0.105325  0.134756  0.091491  0.093355  0.115626  0.090445
2021-09-16  0.0  0.081897  0.098357  0.041215  0.066825  0.081657  0.104252  0.135360  0.092266  0.093403  0.114803  0.089964
2021-09-17  0.0  0.081575  0.098298  0.041338  0.066692  0.082150  0.104567  0.135541  0.092415  0.092493  0.115266  0.089665
2021-09-20  0.0  0.079878  0.098948  0.041597  0.069454  0.083510  0.102080  0.135697  0.091732  0.089795  0.117122  0.090189
2021-09-21  0.0  0.081694  0.095241  0.041889  0.072129  0.086559  0.099012  0.134769  0.094877  0.091301  0.116027  0.086503
2021-09-22  0.0  0.081599  0.095509  0.041753  0.072547  0.086165  0.098745  0.134453  0.095681  0.091015  0.115737  0.086796
2021-09-23  0.0  0.081418  0.095914  0.040701  0.071786  0.086494  0.096459  0.134627  0.097728  0.092160  0.116146  0.086568
2021-09-24  0.0  0.080349  0.095279  0.040662  0.069284  0.084704  0.095613  0.138654  0.099342  0.093538  0.116179  0.086398
2021-09-27  0.0  0.080211  0.094967  0.040781  0.069106  0.084567  0.096624  0.139156  0.097105  0.095092  0.115866  0.086526
2021-09-28  0.0  0.082164  0.096138  0.040687  0.069889  0.085799  0.097222  0.139124  0.093774  0.095182  0.111334  0.088687
2021-09-29  0.0  0.086140  0.092129  0.042834  0.073996  0.090120  0.088962  0.135227  0.097718  0.097552  0.108474  0.086849
2021-09-30  0.0  0.085111  0.091466  0.041935  0.075927  0.098777  0.089260  0.128768  0.099915  0.092986  0.107602  0.088254
2021-10-01  0.0  0.085758  0.094292  0.043893  0.077476  0.096475  0.091767  0.121423  0.098304  0.095827  0.106914  0.087871
2021-10-04  0.0  0.084351  0.092016  0.043386  0.077761  0.094915  0.090871  0.122891  0.098404  0.097185  0.109565  0.088654
2021-10-05  0.0  0.084525  0.094207  0.043117  0.076927  0.094793  0.086224  0.127267  0.099578  0.096628  0.107984  0.088751
2021-10-06  0.0  0.085296  0.092437  0.044176  0.075472  0.093859  0.084897  0.127661  0.099751  0.097519  0.108822  0.090110
2021-10-07  0.0  0.085234  0.093935  0.044100  0.075430  0.093786  0.085181  0.124555  0.099203  0.098270  0.109287  0.091021
2021-10-08  0.0  0.084194  0.095120  0.044397  0.075807  0.093574  0.084918  0.126906  0.100251  0.099315  0.106543  0.088976
2021-10-11  0.0  0.084945  0.096081  0.043330  0.076180  0.094226  0.084807  0.127419  0.098497  0.098472  0.106118  0.089925
2021-10-12  0.0  0.085185  0.093440  0.043750  0.075925  0.093572  0.084584  0.127606  0.098711  0.096944  0.105324  0.094958
2021-10-13  0.0  0.086683  0.092748  0.043985  0.075968  0.094192  0.084644  0.128376  0.096177  0.097371  0.105368  0.094487
2021-10-14  0.0  0.086627  0.091960  0.043928  0.075848  0.095920  0.084106  0.128088  0.095292  0.095220  0.108784  0.094226
2021-10-15  0.0  0.083737  0.091551  0.046052  0.076440  0.095341  0.081489  0.132305  0.094805  0.095210  0.106759  0.096309
2021-10-18  0.0  0.083676  0.092539  0.046121  0.076111  0.094407  0.081194  0.132773  0.095593  0.096723  0.106331  0.094533
2021-10-19  0.0  0.085534  0.091805  0.046182  0.078646  0.094721  0.080716  0.131607  0.095634  0.095660  0.105731  0.093764
2021-10-20  0.0  0.085911  0.091353  0.046887  0.078654  0.095158  0.080700  0.132995  0.096309  0.094174  0.103555  0.094303
2021-10-21  0.0  0.087769  0.091678  0.047321  0.079232  0.096312  0.081381  0.134087  0.095395  0.091544  0.100586  0.094697
2021-10-22  0.0  0.089330  0.091198  0.046411  0.079485  0.098074  0.080935  0.133857  0.095166  0.092128  0.101298  0.092116
2021-10-25  0.0  0.090062  0.087464  0.046766  0.078901  0.098753  0.081667  0.132805  0.095512  0.092592  0.102860  0.092619
2021-10-26  0.0  0.089179  0.087420  0.047034  0.079549  0.099025  0.081961  0.135572  0.096102  0.093193  0.103688  0.087278
2021-10-27  0.0  0.089086  0.086550  0.047667  0.079410  0.098352  0.081796  0.135970  0.095613  0.093015  0.105156  0.087386
2021-10-28  0.0  0.088012  0.086731  0.046172  0.077394  0.097715  0.082106  0.134373  0.094498  0.092219  0.106435  0.094346
2021-10-29  0.0  0.087798  0.086386  0.046721  0.077207  0.096525  0.082555  0.138375  0.092916  0.091188  0.108115  0.092214
2021-11-01  0.0  0.088037  0.085899  0.047802  0.077217  0.096851  0.082746  0.140472  0.091285  0.090661  0.106249  0.092781
2021-11-02  0.0  0.088087  0.086445  0.047462  0.077172  0.096612  0.083737  0.140153  0.091228  0.092187  0.106604  0.090314
2021-11-03  0.0  0.087257  0.087761  0.048766  0.077229  0.096992  0.084199  0.138128  0.090294  0.093718  0.105494  0.090163
2021-11-04  0.0  0.086907  0.088027  0.048941  0.077609  0.097538  0.084286  0.137587  0.091138  0.094377  0.105443  0.088148
2021-11-05  0.0  0.087553  0.088360  0.049239  0.077456  0.098442  0.082907  0.138515  0.090023  0.094645  0.105346  0.087514
2021-11-08  0.0  0.087758  0.088440  0.049831  0.077810  0.097571  0.083398  0.138608  0.090143  0.093661  0.103680  0.089101
2021-11-09  0.0  0.088085  0.091330  0.050841  0.078899  0.098139  0.084010  0.136509  0.090895  0.091349  0.103282  0.086661
2021-11-10  0.0  0.087900  0.091889  0.051289  0.080198  0.098030  0.084505  0.136662  0.092215  0.090957  0.103532  0.082825
2021-11-11  0.0  0.088059  0.091594  0.050086  0.080741  0.098342  0.082802  0.137474  0.092864  0.090809  0.104123  0.083106
2021-11-12  0.0  0.087091  0.091414  0.050394  0.080519  0.097635  0.082119  0.137459  0.095802  0.091887  0.103295  0.082386
2021-11-15  0.0  0.086828  0.088899  0.051129  0.080419  0.098180  0.081017  0.137763  0.095941  0.092858  0.104688  0.082279
2021-11-16  0.0  0.087269  0.088932  0.051367  0.080992  0.098958  0.081204  0.137278  0.095712  0.091506  0.104355  0.082427
2021-11-17  0.0  0.086799  0.087691  0.051022  0.080533  0.102926  0.079686  0.139684  0.095840  0.092269  0.103426  0.080124
2021-11-18  0.0  0.086884  0.087315  0.050571  0.078966  0.101626  0.079320  0.141656  0.095229  0.096008  0.102830  0.079593
2021-11-19  0.0  0.085848  0.086337  0.049953  0.078038  0.101136  0.078287  0.141368  0.101192  0.095215  0.104171  0.078455
2021-11-22  0.0  0.085497  0.086293  0.046648  0.077265  0.100713  0.078805  0.141154  0.103196  0.096966  0.104667  0.078797
2021-11-23  0.0  0.085930  0.085648  0.047598  0.077188  0.101197  0.077948  0.139519  0.103581  0.096936  0.105500  0.078955
2021-11-24  0.0  0.087300  0.086021  0.046806  0.077106  0.103848  0.077768  0.138720  0.101853  0.096926  0.105310  0.078341
2021-11-26  0.0  0.087222  0.086065  0.048535  0.077257  0.105240  0.077670  0.138218  0.099186  0.096657  0.105748  0.078202
2021-11-29  0.0  0.090223  0.088160  0.048447  0.074112  0.099669  0.077246  0.139881  0.094326  0.099703  0.111699  0.076532
2021-11-30  0.0  0.094869  0.087611  0.048334  0.073832  0.100889  0.075198  0.140185  0.093237  0.099647  0.110960  0.075239
2021-12-01  0.0  0.096466  0.086753  0.051479  0.077313  0.098703  0.080936  0.128388  0.093326  0.093795  0.111279  0.081562
2021-12-02  0.0  0.096576  0.084435  0.051930  0.077675  0.098105  0.080524  0.129709  0.092859  0.095257  0.112962  0.079968
2021-12-03  0.0  0.096134  0.084260  0.053546  0.076503  0.092367  0.083353  0.130521  0.089300  0.096230  0.115691  0.082095
2021-12-06  0.0  0.097697  0.085147  0.055307  0.078006  0.094314  0.081987  0.126866  0.089163  0.095513  0.116471  0.079529
2021-12-07  0.0  0.097551  0.085001  0.056024  0.078277  0.093412  0.083006  0.122472  0.090492  0.095153  0.118192  0.080419
2021-12-08  0.0  0.096722  0.084702  0.057860  0.078158  0.093297  0.077905  0.123946  0.091717  0.097212  0.119979  0.078502
2021-12-09  0.0  0.095982  0.085695  0.056251  0.077355  0.092122  0.081717  0.123632  0.089659  0.096513  0.122136  0.078937
2021-12-10  0.0  0.095964  0.085488  0.056182  0.077469  0.092137  0.080805  0.125329  0.088236  0.098076  0.123413  0.076902
2021-12-13  0.0  0.097133  0.083746  0.055555  0.077370  0.094808  0.077997  0.125600  0.088971  0.096868  0.124733  0.077217
2021-12-14  0.0  0.099242  0.086569  0.056299  0.078583  0.095597  0.077500  0.123291  0.089069  0.096271  0.123936  0.073644
2021-12-15  0.0  0.098400  0.089011  0.056112  0.077945  0.093726  0.078324  0.122333  0.086583  0.096064  0.128565  0.072937
2021-12-16  0.0  0.100062  0.091061  0.056724  0.081031  0.095191  0.076682  0.122332  0.086997  0.094931  0.121790  0.073199
2021-12-17  0.0  0.099934  0.091640  0.057228  0.080533  0.095858  0.072337  0.123786  0.087909  0.097391  0.122426  0.070958
2021-12-20  0.0  0.100576  0.093256  0.057284  0.078956  0.094636  0.073319  0.118362  0.089021  0.096400  0.125573  0.072616
2021-12-21  0.0  0.097598  0.093707  0.059632  0.077593  0.092757  0.073091  0.119276  0.090424  0.097906  0.126087  0.071929
2021-12-22  0.0  0.097221  0.092805  0.058244  0.076542  0.090853  0.071718  0.120354  0.091220  0.101435  0.129339  0.070270
2021-12-23  0.0  0.096963  0.093609  0.058250  0.076625  0.091102  0.071641  0.120131  0.091959  0.101824  0.128407  0.069490
2021-12-27  0.0  0.096721  0.093187  0.058331  0.076799  0.090226  0.071755  0.120290  0.091968  0.103133  0.128503  0.069087
2021-12-28  0.0  0.099460  0.093359  0.057106  0.076999  0.091408  0.071304  0.119472  0.089533  0.103551  0.129278  0.068529
2021-12-29  0.0  0.099143  0.093273  0.057080  0.078057  0.091823  0.071072  0.119311  0.089403  0.102960  0.128777  0.069101
2021-12-30  0.0  0.098640  0.093239  0.056715  0.077662  0.091358  0.070860  0.119755  0.088849  0.103955  0.129784  0.069185
2021-12-31  0.0  0.097951  0.093489  0.056617  0.077756  0.090944  0.070387  0.118627  0.088351  0.104856  0.132254  0.068767
2022-01-03  0.0  0.097674  0.091344  0.056375  0.077605  0.090500  0.069812  0.117657  0.089160  0.106896  0.134715  0.068263
2022-01-04  0.0  0.096975  0.092194  0.055835  0.077902  0.091146  0.070578  0.119424  0.089361  0.106565  0.132867  0.067153
2022-01-05  0.0  0.096839  0.097267  0.054343  0.076112  0.088921  0.070798  0.120911  0.090291  0.107629  0.129144  0.067746
2022-01-06  0.0  0.099575  0.093706  0.055808  0.076977  0.089947  0.068277  0.123333  0.083731  0.110204  0.130179  0.068265
2022-01-07  0.0  0.098468  0.094805  0.055453  0.076574  0.090915  0.068725  0.124014  0.084526  0.109510  0.128206  0.068803
2022-01-10  0.0  0.100226  0.094156  0.056470  0.076813  0.091504  0.067887  0.124336  0.084110  0.108983  0.128190  0.067326
2022-01-11  0.0  0.099846  0.094156  0.056554  0.077502  0.091651  0.068258  0.122642  0.085221  0.108720  0.127586  0.067863
2022-01-12  0.0  0.099541  0.093099  0.054988  0.077592  0.091767  0.068155  0.123132  0.086627  0.108457  0.128790  0.067852
2022-01-13  0.0  0.098691  0.093077  0.055378  0.077563  0.091713  0.068103  0.123055  0.086586  0.108445  0.128547  0.068842
2022-01-14  0.0  0.099733  0.093012  0.055949  0.078067  0.092458  0.066521  0.124531  0.087684  0.109054  0.124833  0.068159
2022-01-18  0.0  0.099814  0.092902  0.055333  0.077507  0.092150  0.066393  0.125787  0.086874  0.108489  0.125458  0.069291
2022-01-19  0.0  0.099478  0.093550  0.056206  0.077121  0.092592  0.066414  0.122824  0.088831  0.108536  0.124408  0.070040
2022-01-20  0.0  0.099951  0.094255  0.056200  0.075791  0.092440  0.065944  0.122659  0.087636  0.109303  0.126497  0.069322
2022-01-21  0.0  0.099461  0.093672  0.056020  0.075739  0.091385  0.065607  0.123039  0.087074  0.112728  0.126380  0.068894
2022-01-24  0.0  0.096355  0.087752  0.056291  0.075578  0.092723  0.065918  0.125569  0.088903  0.115092  0.127131  0.068689
2022-01-25  0.0  0.096584  0.087697  0.057689  0.075487  0.092503  0.066433  0.125223  0.088962  0.114272  0.127133  0.068017
2022-01-26  0.0  0.098056  0.086647  0.056078  0.076449  0.093191  0.066058  0.124225  0.090116  0.112675  0.128252  0.068252
2022-01-27  0.0  0.098257  0.087779  0.056213  0.076606  0.093563  0.066580  0.123255  0.088520  0.111954  0.128788  0.068484
2022-01-28  0.0  0.098366  0.088107  0.056297  0.076500  0.093428  0.066675  0.123207  0.087109  0.113542  0.129494  0.067275
2022-01-31  0.0  0.101004  0.085124  0.057984  0.078088  0.095836  0.063802  0.125806  0.082783  0.115496  0.125457  0.068620
2022-02-01  0.0  0.100660  0.083348  0.059556  0.079568  0.096550  0.063321  0.127943  0.083737  0.112921  0.126937  0.065458
2022-02-02  0.0  0.099338  0.083667  0.058374  0.079490  0.095686  0.064056  0.129292  0.084189  0.111839  0.127803  0.066266
2022-02-03  0.0  0.099854  0.082058  0.062278  0.080360  0.095997  0.064415  0.128428  0.083327  0.110486  0.126043  0.066753
2022-02-04  0.0  0.099682  0.068977  0.063568  0.082365  0.096403  0.064280  0.131979  0.084732  0.112909  0.128813  0.066291
2022-02-07  0.0  0.098566  0.069469  0.065305  0.082816  0.096504  0.064733  0.130315  0.085083  0.112962  0.129593  0.064654
2022-02-08  0.0  0.098660  0.068818  0.065162  0.082747  0.096410  0.064771  0.130489  0.086004  0.112841  0.129446  0.064650
2022-02-09  0.0  0.096406  0.067887  0.066694  0.085499  0.098542  0.064132  0.130744  0.087313  0.113251  0.125585  0.063947
2022-02-10  0.0  0.093789  0.066394  0.067145  0.085997  0.097761  0.064903  0.131697  0.085597  0.116458  0.125684  0.064574
2022-02-11  0.0  0.095324  0.066408  0.066979  0.086496  0.097991  0.061840  0.140369  0.081397  0.116081  0.124560  0.062556
2022-02-14  0.0  0.095024  0.067092  0.066692  0.086703  0.098425  0.060894  0.141827  0.081960  0.117011  0.122299  0.062073
2022-02-15  0.0  0.095772  0.066577  0.064710  0.088928  0.104421  0.059873  0.140531  0.083700  0.115690  0.118563  0.061236
2022-02-16  0.0  0.093564  0.066228  0.064786  0.090159  0.102466  0.059162  0.144306  0.083921  0.117264  0.117214  0.060930
2022-02-17  0.0  0.092924  0.065669  0.063751  0.089711  0.103076  0.058201  0.149339  0.083477  0.118467  0.115349  0.060036
2022-02-18  0.0  0.093004  0.064704  0.064794  0.087783  0.101552  0.059359  0.148490  0.085517  0.119850  0.114655  0.060292
2022-02-22  0.0  0.093102  0.064809  0.064527  0.087894  0.101096  0.059274  0.148854  0.085606  0.119722  0.114855  0.060262
2022-02-23  0.0  0.092425  0.065050  0.064190  0.088180  0.100959  0.059610  0.147420  0.086729  0.120313  0.115526  0.059597
2022-02-24  0.0  0.092270  0.064883  0.064410  0.086740  0.099140  0.059936  0.154008  0.086663  0.117469  0.116116  0.058365
2022-02-25  0.0  0.092948  0.063060  0.067007  0.087086  0.098600  0.058038  0.150825  0.086391  0.119607  0.118034  0.058405
2022-02-28  0.0  0.090957  0.067284  0.071181  0.088221  0.101718  0.062593  0.136571  0.089643  0.115473  0.114218  0.062142
2022-03-01  0.0  0.089775  0.067217  0.069945  0.086541  0.101213  0.063761  0.134152  0.089174  0.117815  0.118414  0.061994
2022-03-02  0.0  0.088527  0.067452  0.070393  0.081869  0.100388  0.064980  0.135543  0.089997  0.118294  0.119688  0.062869
2022-03-03  0.0  0.087018  0.067641  0.071962  0.081438  0.099455  0.064337  0.139961  0.088550  0.119679  0.117601  0.062358
2022-03-04  0.0  0.088551  0.067564  0.072972  0.083027  0.101435  0.064362  0.138760  0.087945  0.115847  0.117570  0.061966
2022-03-07  0.0  0.089266  0.068195  0.072782  0.083260  0.104516  0.065263  0.138548  0.087544  0.110443  0.117236  0.062949
2022-03-08  0.0  0.086887  0.068343  0.074949  0.080878  0.102360  0.065534  0.137232  0.089583  0.112579  0.119633  0.062021
2022-03-09  0.0  0.088843  0.069760  0.075989  0.082219  0.105044  0.066705  0.127885  0.090701  0.111781  0.117602  0.063469
2022-03-10  0.0  0.087089  0.069096  0.074317  0.079270  0.105433  0.065708  0.131724  0.093455  0.113875  0.117120  0.062911
2022-03-11  0.0  0.087400  0.069199  0.073018  0.079242  0.105918  0.065453  0.131508  0.093668  0.114420  0.117319  0.062856
2022-03-14  0.0  0.087612  0.068912  0.073070  0.079311  0.105891  0.065278  0.130711  0.093900  0.114857  0.117793  0.062664
2022-03-15  0.0  0.088074  0.069281  0.070628  0.079096  0.106296  0.065238  0.130785  0.094556  0.115585  0.117729  0.062732
2022-03-16  0.0  0.089756  0.070170  0.068620  0.080435  0.107040  0.064519  0.127445  0.096554  0.117058  0.116209  0.062194
2022-03-17  0.0  0.089693  0.068928  0.070322  0.078976  0.106729  0.063216  0.128326  0.096573  0.118874  0.116273  0.062089
2022-03-18  0.0  0.088761  0.068608  0.070398  0.080741  0.108704  0.063214  0.128382  0.095308  0.118907  0.115399  0.061579
2022-03-21  0.0  0.087986  0.068715  0.069929  0.080584  0.108461  0.063313  0.127430  0.100179  0.117384  0.114771  0.061248
2022-03-22  0.0  0.088143  0.068621  0.067927  0.081256  0.108487  0.063262  0.127278  0.099984  0.117973  0.115945  0.061123
2022-03-23  0.0  0.088232  0.067966  0.067978  0.081041  0.108494  0.063156  0.126819  0.100350  0.118803  0.116544  0.060618
2022-03-24  0.0  0.088873  0.067972  0.068032  0.080334  0.109131  0.063060  0.127222  0.100177  0.119701  0.114808  0.060690
2022-03-25  0.0  0.087897  0.067901  0.069917  0.080584  0.109221  0.062378  0.126834  0.099978  0.120025  0.114370  0.060896
2022-03-28  0.0  0.088254  0.068188  0.069672  0.080422  0.109548  0.062750  0.126567  0.099628  0.118821  0.114846  0.061304
2022-03-29  0.0  0.088455  0.068310  0.068197  0.080473  0.109640  0.063499  0.126436  0.098711  0.118726  0.116791  0.060762
2022-03-30  0.0  0.089027  0.068118  0.069258  0.081244  0.109863  0.063303  0.126263  0.095424  0.119480  0.117292  0.060728
2022-03-31  0.0  0.088838  0.067580  0.068436  0.081826  0.109784  0.063262  0.127506  0.094544  0.119709  0.118240  0.060275
2022-04-01  0.0  0.088407  0.067263  0.068342  0.081335  0.109297  0.063458  0.128390  0.095136  0.120141  0.117789  0.060442
2022-04-04  0.0  0.089032  0.067312  0.068707  0.081513  0.110216  0.063768  0.127856  0.093888  0.118762  0.118007  0.060940
2022-04-05  0.0  0.091290  0.067422  0.069385  0.082288  0.110177  0.063487  0.126860  0.093191  0.117201  0.117581  0.061118
2022-04-06  0.0  0.091144  0.067417  0.068778  0.082399  0.109090  0.062948  0.127355  0.093444  0.118681  0.118100  0.060644
2022-04-07  0.0  0.090861  0.067531  0.071286  0.082291  0.109346  0.062895  0.127197  0.092608  0.118982  0.116869  0.060134
2022-04-08  0.0  0.091322  0.067748  0.071120  0.082279  0.109821  0.062907  0.126532  0.093715  0.119905  0.114537  0.060114
2022-04-11  0.0  0.091048  0.067580  0.069896  0.082017  0.109988  0.062544  0.126530  0.095524  0.120013  0.114175  0.060685
2022-04-12  0.0  0.090482  0.068613  0.067404  0.082121  0.109707  0.064268  0.126996  0.099925  0.117586  0.112396  0.060503
2022-04-13  0.0  0.090575  0.069135  0.066540  0.081371  0.109673  0.064875  0.126052  0.099627  0.119451  0.110576  0.062125
2022-04-14  0.0  0.090288  0.068521  0.067972  0.081767  0.110091  0.064122  0.125294  0.099523  0.121393  0.110030  0.060997
2022-04-18  0.0  0.089715  0.068673  0.067587  0.081175  0.109911  0.063083  0.126143  0.100388  0.122486  0.110403  0.060435
2022-04-19  0.0  0.089901  0.078249  0.066636  0.080063  0.110196  0.063269  0.123211  0.099520  0.120428  0.107726  0.060802
2022-04-20  0.0  0.091472  0.077188  0.066853  0.080680  0.108754  0.062863  0.123115  0.098713  0.121792  0.107624  0.060948
2022-04-21  0.0  0.092514  0.073730  0.067692  0.081320  0.109626  0.063540  0.122063  0.097861  0.122791  0.107551  0.061311
2022-04-22  0.0  0.092593  0.072545  0.067056  0.082052  0.110385  0.063951  0.123079  0.098943  0.119776  0.107638  0.061983
2022-04-25  0.0  0.090245  0.075689  0.067491  0.081816  0.110046  0.065488  0.123110  0.102474  0.119272  0.101209  0.063161
2022-04-26  0.0  0.088878  0.074107  0.064366  0.080560  0.110254  0.064887  0.122505  0.106618  0.124547  0.100864  0.062416
2022-04-27  0.0  0.089960  0.073636  0.066442  0.080307  0.109646  0.064950  0.121199  0.107428  0.124368  0.101315  0.060750
2022-04-28  0.0  0.089270  0.072660  0.067193  0.080437  0.109436  0.064416  0.121101  0.107985  0.124929  0.101848  0.060723
2022-04-29  0.0  0.090467  0.069961  0.066722  0.081269  0.111280  0.063521  0.120295  0.107002  0.125674  0.102407  0.061403
2022-05-02  0.0  0.093990  0.072022  0.069163  0.082725  0.112587  0.064728  0.119295  0.098014  0.121776  0.103972  0.061728
2022-05-03  0.0  0.095168  0.071289  0.068783  0.084122  0.114754  0.065407  0.117937  0.094932  0.120326  0.105202  0.062079
2022-05-04  0.0  0.094863  0.071463  0.067993  0.083580  0.115071  0.065655  0.118113  0.094645  0.120624  0.105759  0.062233
2022-05-05  0.0  0.094267  0.071237  0.068250  0.082861  0.112638  0.065771  0.117945  0.096872  0.120293  0.106007  0.063860
2022-05-06  0.0  0.092700  0.070802  0.069058  0.083042  0.112376  0.064754  0.117745  0.096489  0.124560  0.105864  0.062607
2022-05-09  0.0  0.091332  0.071325  0.067878  0.082777  0.112513  0.065968  0.119702  0.096653  0.123846  0.105236  0.062771
2022-05-10  0.0  0.092055  0.070699  0.059033  0.084411  0.112323  0.064180  0.128425  0.090341  0.131064  0.106317  0.061152
2022-05-11  0.0  0.092361  0.070583  0.059478  0.084713  0.112642  0.063768  0.129807  0.089649  0.129268  0.106488  0.061242
2022-05-12  0.0  0.093962  0.069971  0.059092  0.087899  0.112917  0.062742  0.129292  0.089167  0.129220  0.105840  0.059898
2022-05-13  0.0  0.094778  0.068970  0.058768  0.089434  0.115233  0.062582  0.128737  0.089040  0.127517  0.105289  0.059651
2022-05-16  0.0  0.094785  0.068694  0.058371  0.089376  0.114983  0.061826  0.128478  0.088110  0.130651  0.105904  0.058822
2022-05-17  0.0  0.094214  0.068461  0.058120  0.089649  0.114250  0.061660  0.127481  0.087714  0.135151  0.105042  0.058258
2022-05-18  0.0  0.095126  0.068328  0.057466  0.090153  0.113691  0.061305  0.129102  0.087118  0.134216  0.104415  0.059081
2022-05-19  0.0  0.096027  0.070464  0.060061  0.092528  0.110703  0.062322  0.107906  0.089426  0.143670  0.108657  0.058236
2022-05-20  0.0  0.097919  0.070768  0.059909  0.096441  0.110544  0.062976  0.104319  0.088769  0.141527  0.108626  0.058202
2022-05-23  0.0  0.097901  0.070763  0.060774  0.096603  0.109987  0.063230  0.104726  0.088247  0.141961  0.107706  0.058104
2022-05-24  0.0  0.097915  0.071579  0.060963  0.093131  0.109546  0.063574  0.104412  0.088877  0.142125  0.108935  0.058944
2022-05-25  0.0  0.098348  0.070264  0.062502  0.094450  0.110344  0.064100  0.103831  0.088982  0.138369  0.109827  0.058983
2022-05-26  0.0  0.097532  0.069692  0.063223  0.093826  0.110472  0.064579  0.105079  0.087939  0.138236  0.110865  0.058557
2022-05-27  0.0  0.097181  0.070020  0.063285  0.094955  0.108885  0.065267  0.104529  0.088445  0.138346  0.111750  0.057336
2022-05-31  0.0  0.097409  0.070114  0.064832  0.095349  0.108322  0.064421  0.105154  0.087354  0.137276  0.112729  0.057040
2022-06-01  0.0  0.096807  0.070706  0.064609  0.095706  0.108553  0.065191  0.105203  0.087175  0.136146  0.112240  0.057664
2022-06-02  0.0  0.096833  0.070763  0.066267  0.095045  0.108690  0.065293  0.104451  0.087072  0.136650  0.111205  0.057733
2022-06-03  0.0  0.094686  0.070919  0.066928  0.096194  0.107408  0.065317  0.104515  0.087026  0.137426  0.111675  0.057907
2022-06-06  0.0  0.094412  0.070533  0.067069  0.096695  0.107778  0.064940  0.104342  0.086956  0.137046  0.112839  0.057390
2022-06-07  0.0  0.095103  0.070617  0.066666  0.096467  0.107454  0.065562  0.104008  0.086688  0.137162  0.113251  0.057022
2022-06-08  0.0  0.095378  0.070534  0.066164  0.096971  0.106519  0.065295  0.104202  0.086677  0.139086  0.112167  0.057009
2022-06-09  0.0  0.094538  0.071137  0.067793  0.096751  0.105822  0.065952  0.104364  0.086447  0.135820  0.113130  0.058247
2022-06-10  0.0  0.094059  0.071464  0.067754  0.096029  0.106092  0.066795  0.105076  0.089316  0.132279  0.111915  0.059221
2022-06-13  0.0  0.092603  0.071748  0.068430  0.093657  0.104149  0.066469  0.106809  0.089506  0.134835  0.112599  0.059194
2022-06-14  0.0  0.092857  0.072611  0.068055  0.097007  0.106289  0.067752  0.109728  0.088147  0.123341  0.113521  0.060691
2022-06-15  0.0  0.093230  0.072775  0.068053  0.096865  0.106324  0.067569  0.109817  0.089667  0.121263  0.113766  0.060670
2022-06-16  0.0  0.093728  0.073624  0.067712  0.096592  0.106167  0.067800  0.110362  0.088117  0.121553  0.113659  0.060685
2022-06-17  0.0  0.092199  0.073622  0.065581  0.096859  0.104610  0.067859  0.112348  0.088860  0.122444  0.115095  0.060523
2022-06-21  0.0  0.091994  0.073014  0.062377  0.096303  0.104236  0.067781  0.112999  0.089169  0.125345  0.116426  0.060354
2022-06-22  0.0  0.093050  0.074227  0.061342  0.096318  0.104503  0.068105  0.111831  0.089487  0.124184  0.116300  0.060653
2022-06-23  0.0  0.093264  0.074383  0.060853  0.097187  0.104798  0.068425  0.112334  0.088838  0.123575  0.115509  0.060834
2022-06-24  0.0  0.093832  0.074805  0.061058  0.098108  0.105764  0.069279  0.111164  0.088576  0.121167  0.114998  0.061249
2022-06-27  0.0  0.091455  0.074451  0.062860  0.095968  0.103200  0.069539  0.112152  0.089548  0.122428  0.116813  0.061586
2022-06-28  0.0  0.092002  0.074697  0.062198  0.095812  0.103498  0.069753  0.112163  0.089499  0.121630  0.116671  0.062077
2022-06-29  0.0  0.092322  0.074423  0.061916  0.096367  0.103711  0.069790  0.112083  0.089701  0.122252  0.115972  0.061461
2022-06-30  0.0  0.092380  0.074409  0.061255  0.096627  0.103736  0.069847  0.112082  0.089732  0.122385  0.116016  0.061532
2022-07-01  0.0  0.091998  0.074575  0.060579  0.096716  0.104525  0.069753  0.112608  0.090517  0.120975  0.115814  0.061938
2022-07-05  0.0  0.092158  0.076777  0.060528  0.096372  0.104506  0.069878  0.112944  0.090831  0.117939  0.116384  0.061683
2022-07-06  0.0  0.092350  0.077202  0.060441  0.097369  0.104687  0.070216  0.113426  0.091324  0.114134  0.117387  0.061464
2022-07-07  0.0  0.093601  0.076579  0.059585  0.097954  0.104458  0.069636  0.112294  0.090234  0.112683  0.122307  0.060669
2022-07-08  0.0  0.093465  0.076681  0.059513  0.097361  0.104003  0.069566  0.112729  0.090440  0.113162  0.122816  0.060263
2022-07-11  0.0  0.092653  0.077310  0.058796  0.097913  0.104284  0.070265  0.112348  0.089749  0.112193  0.123198  0.061290
2022-07-12  0.0  0.093532  0.076674  0.058909  0.097803  0.104324  0.070383  0.112492  0.089773  0.112078  0.123213  0.060819
2022-07-13  0.0  0.093484  0.078626  0.058702  0.097337  0.103821  0.071604  0.112514  0.089875  0.111380  0.122097  0.060559
2022-07-14  0.0  0.091534  0.078118  0.057390  0.097872  0.102756  0.071601  0.112637  0.092929  0.112461  0.122167  0.060534
2022-07-15  0.0  0.090560  0.079229  0.057203  0.096523  0.102423  0.071599  0.113065  0.094205  0.112651  0.121965  0.060577
2022-07-18  0.0  0.091122  0.078702  0.058240  0.094103  0.102570  0.071879  0.114230  0.094816  0.113938  0.119456  0.060944
2022-07-19  0.0  0.092764  0.079383  0.057879  0.095396  0.104247  0.072096  0.114348  0.093107  0.113219  0.117159  0.060401
2022-07-20  0.0  0.091855  0.079261  0.057324  0.094725  0.100990  0.074009  0.115709  0.092353  0.113708  0.117835  0.062229
2022-07-21  0.0  0.092274  0.079509  0.057993  0.094810  0.100845  0.073723  0.115563  0.092589  0.113259  0.117322  0.062113
2022-07-22  0.0  0.091891  0.078817  0.061941  0.094040  0.100268  0.073980  0.112545  0.096932  0.110575  0.117224  0.061786
2022-07-25  0.0  0.091932  0.076616  0.062031  0.094263  0.100474  0.074053  0.112551  0.098734  0.110324  0.117214  0.061806
2022-07-26  0.0  0.091641  0.077012  0.060751  0.094188  0.100482  0.075576  0.112216  0.098526  0.109496  0.117176  0.062935
2022-07-27  0.0  0.091695  0.076661  0.060805  0.093867  0.100540  0.075406  0.112375  0.098867  0.110058  0.117764  0.061964
2022-07-28  0.0  0.091844  0.074289  0.061326  0.093601  0.100024  0.074009  0.113271  0.101082  0.110604  0.117992  0.061959
2022-07-29  0.0  0.092088  0.075263  0.062950  0.095076  0.099778  0.074953  0.113514  0.097601  0.105785  0.119855  0.063139
2022-08-01  0.0  0.093733  0.075756  0.060897  0.096399  0.099623  0.075545  0.112864  0.097432  0.105388  0.120360  0.062003
2022-08-02  0.0  0.090666  0.072790  0.057291  0.092848  0.099327  0.074769  0.138618  0.094338  0.099305  0.117269  0.062779
2022-08-03  0.0  0.090401  0.072626  0.057167  0.092342  0.098949  0.074766  0.141856  0.093381  0.099084  0.116891  0.062535
2022-08-04  0.0  0.090640  0.071827  0.056695  0.091840  0.099582  0.073852  0.141910  0.094043  0.099249  0.117667  0.062694
2022-08-05  0.0  0.090809  0.071264  0.055624  0.094515  0.099323  0.073697  0.144412  0.093422  0.098533  0.116488  0.061914
2022-08-08  0.0  0.090063  0.072659  0.054816  0.093573  0.098543  0.073622  0.146684  0.093124  0.099396  0.115610  0.061909
2022-08-09  0.0  0.089883  0.072815  0.055114  0.093686  0.098488  0.073469  0.146456  0.092907  0.099251  0.115411  0.062519
2022-08-10  0.0  0.090373  0.073060  0.054408  0.094876  0.099194  0.073457  0.146572  0.091812  0.097787  0.114344  0.064118
2022-08-11  0.0  0.089006  0.072099  0.054436  0.093537  0.098482  0.073886  0.147139  0.093756  0.098356  0.115003  0.064300
2022-08-12  0.0  0.089333  0.071890  0.053372  0.092719  0.098478  0.073762  0.147456  0.094167  0.099039  0.115717  0.064067
2022-08-15  0.0  0.088424  0.071693  0.053661  0.093023  0.098019  0.073279  0.149654  0.093839  0.098116  0.116443  0.063850
2022-08-16  0.0  0.090385  0.071998  0.052860  0.092733  0.098482  0.073464  0.149844  0.093606  0.096971  0.115462  0.064196
2022-08-17  0.0  0.089895  0.072417  0.052691  0.092838  0.097894  0.074266  0.149028  0.093653  0.096471  0.115816  0.065032
2022-08-18  0.0  0.089937  0.071902  0.052726  0.092936  0.097771  0.074277  0.149118  0.093870  0.096710  0.115743  0.065011
2022-08-19  0.0  0.089852  0.071774  0.052695  0.092850  0.098172  0.074238  0.148858  0.093815  0.096484  0.116436  0.064826
2022-08-22  0.0  0.089571  0.070837  0.052352  0.091864  0.098342  0.073279  0.150600  0.095375  0.097846  0.116170  0.063764
2022-08-23  0.0  0.089796  0.070395  0.052152  0.091597  0.097545  0.072448  0.151589  0.094910  0.099021  0.118022  0.062526
2022-08-24  0.0  0.090823  0.070114  0.050149  0.095432  0.100253  0.074195  0.148198  0.094401  0.096951  0.115964  0.063520
2022-08-25  0.0  0.090386  0.069113  0.048051  0.092784  0.098339  0.073628  0.146678  0.100139  0.102764  0.115954  0.062164
2022-08-26  0.0  0.087974  0.068069  0.047761  0.091949  0.096951  0.072776  0.149723  0.099140  0.108193  0.115694  0.061769
2022-08-29  0.0  0.088075  0.070178  0.050410  0.091907  0.094493  0.072239  0.143018  0.101853  0.110850  0.113857  0.063120
2022-08-30  0.0  0.090215  0.070196  0.050945  0.091387  0.097290  0.073182  0.138745  0.101452  0.110663  0.111043  0.064882
2022-08-31  0.0  0.089518  0.070925  0.053058  0.091792  0.096513  0.073418  0.137766  0.100543  0.110066  0.111324  0.065077
2022-09-01  0.0  0.087373  0.069111  0.053975  0.090623  0.094878  0.072535  0.144914  0.099583  0.108581  0.114206  0.064221
2022-09-02  0.0  0.087260  0.068878  0.055062  0.090582  0.095079  0.072450  0.144390  0.100997  0.107832  0.113353  0.064117
2022-09-06  0.0  0.087221  0.067711  0.055973  0.089371  0.093636  0.071697  0.146286  0.100291  0.109147  0.115126  0.063541
2022-09-07  0.0  0.091120  0.067627  0.053408  0.092115  0.096256  0.071602  0.147391  0.098231  0.106329  0.112912  0.063008
2022-09-08  0.0  0.089852  0.068718  0.055650  0.092716  0.097602  0.073105  0.144392  0.098644  0.102443  0.113349  0.063529
2022-09-09  0.0  0.088695  0.069645  0.055632  0.090500  0.097250  0.074717  0.146190  0.098554  0.101116  0.111684  0.066017
2022-09-12  0.0  0.088423  0.068165  0.056920  0.090916  0.097255  0.074050  0.145694  0.098889  0.101609  0.112220  0.065861
2022-09-13  0.0  0.088827  0.068384  0.057258  0.091193  0.097015  0.074002  0.145235  0.098391  0.101654  0.111739  0.066303
2022-09-14  0.0  0.089621  0.067578  0.061073  0.091475  0.095729  0.072006  0.138781  0.098433  0.107745  0.111456  0.066104
2022-09-15  0.0  0.089270  0.067513  0.061712  0.089919  0.095455  0.071067  0.137011  0.095968  0.116816  0.109789  0.065480
2022-09-16  0.0  0.089675  0.068341  0.061834  0.091084  0.096027  0.070862  0.137835  0.094588  0.112202  0.111295  0.066257
2022-09-19  0.0  0.088828  0.068707  0.062588  0.091444  0.094147  0.071743  0.137644  0.094529  0.111948  0.111346  0.067075
2022-09-20  0.0  0.088466  0.068922  0.062869  0.091353  0.093795  0.071889  0.137481  0.095024  0.111387  0.111727  0.067087
2022-09-21  0.0  0.087543  0.070757  0.063388  0.091211  0.093840  0.072739  0.138011  0.092315  0.110202  0.111465  0.068530
2022-09-22  0.0  0.086531  0.070322  0.064325  0.090254  0.093895  0.073336  0.139310  0.092476  0.109817  0.111675  0.068059
2022-09-23  0.0  0.086362  0.070531  0.064476  0.089583  0.093762  0.073323  0.139705  0.092497  0.110173  0.112383  0.067206
2022-09-26  0.0  0.087372  0.071194  0.059057  0.091468  0.093608  0.074292  0.137586  0.093660  0.110607  0.113962  0.067194
2022-09-27  0.0  0.086948  0.071972  0.058198  0.095176  0.093725  0.074574  0.136933  0.091554  0.105450  0.118289  0.067182
2022-09-28  0.0  0.086857  0.071890  0.058592  0.095056  0.093731  0.074654  0.133990  0.091167  0.104705  0.122250  0.067107
2022-09-29  0.0  0.087179  0.071502  0.056939  0.096998  0.097064  0.076225  0.132322  0.092409  0.103319  0.119149  0.066895
2022-09-30  0.0  0.088144  0.072672  0.058107  0.098196  0.097834  0.076916  0.131963  0.091228  0.096741  0.121648  0.066552
2022-10-03  0.0  0.089376  0.072695  0.058532  0.098413  0.097731  0.077111  0.129204  0.091406  0.095196  0.123232  0.067105
2022-10-04  0.0  0.087851  0.075160  0.057175  0.097516  0.095836  0.077037  0.129907  0.092845  0.094949  0.122415  0.069311
2022-10-05  0.0  0.086143  0.075417  0.058718  0.094540  0.093697  0.076831  0.131783  0.094741  0.096935  0.121607  0.069590
2022-10-06  0.0  0.085897  0.076086  0.058505  0.095115  0.093696  0.077315  0.131550  0.093731  0.095010  0.121763  0.071332
2022-10-07  0.0  0.085751  0.080451  0.058430  0.094973  0.093893  0.081887  0.129794  0.090137  0.090526  0.120381  0.073776
2022-10-10  0.0  0.085134  0.079067  0.058302  0.093011  0.094586  0.078727  0.131417  0.095262  0.094847  0.117383  0.072264
2022-10-11  0.0  0.085023  0.078354  0.059058  0.093102  0.095801  0.078410  0.130173  0.094511  0.094423  0.116126  0.075018
2022-10-12  0.0  0.085059  0.077768  0.059496  0.092806  0.095857  0.078109  0.131433  0.093756  0.094510  0.116087  0.075119
2022-10-13  0.0  0.085468  0.078032  0.059665  0.093497  0.096364  0.078401  0.131678  0.094067  0.091067  0.116422  0.075340
2022-10-14  0.0  0.084430  0.079790  0.060414  0.089612  0.096519  0.079455  0.131588  0.094225  0.090442  0.115189  0.078337
2022-10-17  0.0  0.082726  0.080631  0.061247  0.090024  0.096286  0.079347  0.130782  0.093949  0.091359  0.116681  0.076967
2022-10-18  0.0  0.083088  0.080681  0.063117  0.090294  0.096511  0.078701  0.132603  0.090262  0.091722  0.117640  0.075380
2022-10-19  0.0  0.082879  0.081395  0.063701  0.090242  0.094840  0.079202  0.131722  0.090594  0.091162  0.118573  0.075690
2022-10-20  0.0  0.082901  0.081748  0.063338  0.089848  0.095035  0.079550  0.132029  0.089963  0.091755  0.117703  0.076130
2022-10-21  0.0  0.084392  0.083249  0.062727  0.090106  0.095049  0.080907  0.130002  0.090165  0.089451  0.117165  0.076787
2022-10-24  0.0  0.082803  0.084858  0.064448  0.089461  0.094022  0.080506  0.129997  0.091640  0.089872  0.116031  0.076361
2022-10-25  0.0  0.083626  0.085529  0.064307  0.089467  0.093984  0.080858  0.127148  0.092980  0.090430  0.114311  0.077360
2022-10-26  0.0  0.083136  0.084651  0.065881  0.090285  0.094646  0.081161  0.128364  0.088367  0.090508  0.115829  0.077173
2022-10-27  0.0  0.083264  0.082869  0.065936  0.090675  0.094898  0.080540  0.129510  0.088548  0.090801  0.115275  0.077684
2022-10-28  0.0  0.084001  0.079499  0.066260  0.090851  0.094850  0.080792  0.130070  0.088879  0.090826  0.115829  0.078144
2022-10-31  0.0  0.085460  0.079420  0.068337  0.090699  0.094815  0.078112  0.128245  0.088535  0.090045  0.116596  0.079737
2022-11-01  0.0  0.085812  0.079171  0.068121  0.091493  0.095036  0.078139  0.127726  0.088388  0.089677  0.116305  0.080131
2022-11-02  0.0  0.085520  0.079689  0.067433  0.092081  0.095299  0.078562  0.127157  0.088364  0.089036  0.116305  0.080554
2022-11-03  0.0  0.085260  0.079407  0.068755  0.092711  0.095421  0.077522  0.126510  0.088333  0.089976  0.117057  0.079048
2022-11-04  0.0  0.085310  0.078925  0.068716  0.092726  0.095290  0.076497  0.126896  0.088895  0.090162  0.117231  0.079351
2022-11-07  0.0  0.083728  0.079922  0.068739  0.092570  0.095363  0.076521  0.126024  0.089187  0.090309  0.117959  0.079677
2022-11-08  0.0  0.083713  0.078720  0.067113  0.092989  0.096970  0.076902  0.127047  0.088437  0.087882  0.119950  0.080277
2022-11-09  0.0  0.083152  0.078769  0.067337  0.093150  0.096853  0.076916  0.127037  0.088338  0.087759  0.120362  0.080329
2022-11-10  0.0  0.083595  0.079017  0.066070  0.092728  0.097404  0.076370  0.127601  0.088981  0.088551  0.120396  0.079286
2022-11-11  0.0  0.083706  0.077726  0.070944  0.092601  0.099145  0.071420  0.133147  0.081055  0.088962  0.126044  0.075250
2022-11-14  0.0  0.084037  0.076725  0.071173  0.092586  0.099229  0.071142  0.133505  0.081180  0.089448  0.126443  0.074533
2022-11-15  0.0  0.083834  0.077026  0.071257  0.091915  0.099229  0.071098  0.134129  0.080268  0.089182  0.127923  0.074141
2022-11-16  0.0  0.083964  0.076925  0.071501  0.092074  0.099256  0.071071  0.134074  0.080268  0.088932  0.128024  0.073912
2022-11-17  0.0  0.084159  0.076650  0.070251  0.091843  0.098596  0.070333  0.135061  0.080102  0.090439  0.128257  0.074309
2022-11-18  0.0  0.083895  0.076431  0.070104  0.092307  0.098372  0.070201  0.134855  0.079890  0.089640  0.130100  0.074207
2022-11-21  0.0  0.084115  0.077761  0.070408  0.092188  0.098554  0.070587  0.134475  0.079599  0.088187  0.129371  0.074756
2022-11-22  0.0  0.084200  0.077735  0.070330  0.092261  0.098552  0.070767  0.133762  0.079588  0.088355  0.129557  0.074892
2022-11-23  0.0  0.082254  0.078734  0.067072  0.092088  0.099404  0.070676  0.138242  0.078255  0.085525  0.132888  0.074864
2022-11-25  0.0  0.082655  0.078349  0.067563  0.092088  0.099396  0.070551  0.138152  0.078435  0.085309  0.132764  0.074737
2022-11-28  0.0  0.082690  0.077862  0.068145  0.091538  0.099422  0.070873  0.138351  0.078754  0.086124  0.131944  0.074296
2022-11-29  0.0  0.082444  0.077978  0.068039  0.091223  0.100371  0.070563  0.138713  0.077674  0.086323  0.131988  0.074682
2022-11-30  0.0  0.082778  0.077932  0.067760  0.091307  0.100666  0.070385  0.138502  0.076980  0.086624  0.132064  0.075002
2022-12-01  0.0  0.083946  0.076138  0.068872  0.092762  0.102240  0.068204  0.137370  0.078334  0.086613  0.131237  0.074284
2022-12-02  0.0  0.084508  0.076364  0.068503  0.093252  0.102226  0.067839  0.135811  0.077917  0.086134  0.133126  0.074320
2022-12-05  0.0  0.084619  0.076081  0.068169  0.093938  0.103249  0.067667  0.135281  0.077732  0.085756  0.132647  0.074861
2022-12-06  0.0  0.084232  0.075901  0.073883  0.092087  0.103071  0.067150  0.136039  0.077044  0.085540  0.131099  0.073954
2022-12-07  0.0  0.084699  0.074766  0.073593  0.092616  0.102742  0.066492  0.135186  0.078273  0.086857  0.131299  0.073477
2022-12-08  0.0  0.084190  0.074399  0.073225  0.092162  0.102334  0.066110  0.138381  0.078287  0.087171  0.130651  0.073090
2022-12-09  0.0  0.084191  0.075336  0.074861  0.091823  0.102421  0.065019  0.137388  0.077734  0.086133  0.131930  0.073164
2022-12-12  0.0  0.083464  0.075446  0.072599  0.091264  0.102418  0.064990  0.138400  0.078422  0.089798  0.129087  0.074112
2022-12-13  0.0  0.082925  0.075142  0.071424  0.090728  0.102191  0.064625  0.141453  0.077953  0.089162  0.130151  0.074248
2022-12-14  0.0  0.083025  0.074440  0.074417  0.090770  0.103412  0.064117  0.140911  0.076032  0.089668  0.130539  0.072669
2022-12-15  0.0  0.083316  0.073817  0.075515  0.091963  0.105828  0.063456  0.139062  0.074117  0.088485  0.131566  0.072877
2022-12-16  0.0  0.082368  0.072438  0.077564  0.092278  0.104100  0.062815  0.137729  0.075933  0.091412  0.129562  0.073800
2022-12-19  0.0  0.082083  0.071947  0.077236  0.092179  0.104141  0.062224  0.139605  0.075823  0.093938  0.128064  0.072762
2022-12-20  0.0  0.081616  0.070686  0.075707  0.092544  0.104127  0.062707  0.140397  0.075126  0.093802  0.130472  0.072816
2022-12-21  0.0  0.081428  0.070475  0.076178  0.092524  0.103932  0.063002  0.140031  0.075321  0.093624  0.130960  0.072525
2022-12-22  0.0  0.081912  0.071029  0.075996  0.093035  0.102951  0.063311  0.140191  0.075555  0.093518  0.130176  0.072327
2022-12-23  0.0  0.081658  0.070790  0.074658  0.092481  0.102096  0.062340  0.139830  0.075847  0.098772  0.130405  0.071123
2022-12-27  0.0  0.081587  0.069934  0.074151  0.096775  0.101531  0.061900  0.139179  0.074515  0.098513  0.132372  0.069543
2022-12-28  0.0  0.083510  0.068504  0.075501  0.095979  0.102485  0.061271  0.141612  0.074234  0.097466  0.129696  0.069741
2022-12-29  0.0  0.083173  0.068822  0.073602  0.097581  0.102015  0.061365  0.137972  0.075684  0.097361  0.129991  0.072433
2022-12-30  0.0  0.083791  0.067401  0.073423  0.097732  0.104170  0.060511  0.139548  0.074845  0.098434  0.128911  0.071235
2023-01-03  0.0  0.083413  0.066802  0.074547  0.098505  0.103559  0.059984  0.138244  0.075621  0.098061  0.130479  0.070786
2023-01-04  0.0  0.082703  0.065736  0.070818  0.099141  0.105630  0.059154  0.140052  0.074836  0.101310  0.130045  0.070576
2023-01-05  0.0  0.083629  0.063720  0.070962  0.100274  0.107384  0.058638  0.139731  0.072138  0.100267  0.132880  0.070379
2023-01-06  0.0  0.082867  0.063910  0.070403  0.100806  0.107235  0.058525  0.142402  0.070119  0.097255  0.136023  0.070454
2023-01-09  0.0  0.082296  0.065619  0.070721  0.100341  0.105125  0.058798  0.136233  0.072720  0.098724  0.137716  0.071706
2023-01-10  0.0  0.082514  0.067537  0.071242  0.100420  0.105086  0.059386  0.135145  0.072910  0.098867  0.135061  0.071831
2023-01-11  0.0  0.082029  0.071546  0.070862  0.100158  0.105211  0.059273  0.134486  0.072598  0.098634  0.134090  0.071113
2023-01-12  0.0  0.080048  0.071344  0.069489  0.101266  0.106020  0.060143  0.138713  0.069612  0.100414  0.134813  0.068136
2023-01-13  0.0  0.080426  0.071863  0.068860  0.101564  0.105999  0.060299  0.138148  0.069434  0.100679  0.134570  0.068157
2023-01-17  0.0  0.080413  0.072044  0.069062  0.101358  0.106025  0.060428  0.138179  0.069360  0.100576  0.134376  0.068180
2023-01-18  0.0  0.080554  0.072072  0.068532  0.099618  0.105359  0.060668  0.140409  0.069275  0.098746  0.135350  0.069416
2023-01-19  0.0  0.081536  0.075091  0.070101  0.100195  0.105208  0.063262  0.131092  0.070224  0.097176  0.135388  0.070727
2023-01-20  0.0  0.084793  0.074906  0.069886  0.100793  0.103168  0.063236  0.131145  0.070237  0.096363  0.135423  0.070050
2023-01-23  0.0  0.083816  0.073529  0.070440  0.100073  0.102836  0.062680  0.131639  0.070164  0.098755  0.137007  0.069061
2023-01-24  0.0  0.084795  0.073094  0.070513  0.099615  0.102678  0.062163  0.131758  0.070274  0.099060  0.137348  0.068702
2023-01-25  0.0  0.084515  0.072381  0.075111  0.099855  0.102144  0.062243  0.131012  0.069371  0.097695  0.136102  0.069574
2023-01-26  0.0  0.086686  0.072144  0.066986  0.105617  0.101705  0.066536  0.122316  0.075665  0.098335  0.129633  0.074377
2023-01-27  0.0  0.086818  0.073054  0.066234  0.105392  0.100911  0.066256  0.121453  0.074848  0.098791  0.131731  0.074512
2023-01-30  0.0  0.086332  0.072749  0.064910  0.107124  0.100688  0.066122  0.121716  0.077207  0.099617  0.130172  0.073363
2023-01-31  0.0  0.086351  0.072527  0.064240  0.107207  0.100495  0.065730  0.123220  0.077234  0.100704  0.129136  0.073156
2023-02-01  0.0  0.085444  0.073361  0.065616  0.106860  0.099686  0.066446  0.122978  0.077171  0.101927  0.127436  0.073074
2023-02-02  0.0  0.085931  0.073365  0.064744  0.107242  0.099374  0.065212  0.122015  0.077491  0.104928  0.127063  0.072634
2023-02-03  0.0  0.086765  0.063691  0.064368  0.108785  0.100264  0.064309  0.123723  0.076974  0.110357  0.129995  0.070768
2023-02-06  0.0  0.085707  0.063439  0.065375  0.109847  0.101005  0.065076  0.126263  0.075936  0.106996  0.131159  0.069197
2023-02-07  0.0  0.086884  0.062745  0.067335  0.109970  0.100572  0.064871  0.126233  0.075180  0.106180  0.131143  0.068887
2023-02-08  0.0  0.086437  0.062730  0.065205  0.109339  0.101067  0.064063  0.126853  0.075426  0.107992  0.131230  0.069659
2023-02-09  0.0  0.086591  0.060978  0.065464  0.109620  0.101467  0.064174  0.126855  0.075909  0.106431  0.132694  0.069818
2023-02-10  0.0  0.087341  0.059937  0.066378  0.110492  0.102716  0.064593  0.125573  0.077933  0.104694  0.131070  0.069273
2023-02-13  0.0  0.088111  0.060223  0.064008  0.111712  0.103527  0.065378  0.125256  0.079568  0.102229  0.130503  0.069485
2023-02-14  0.0  0.087745  0.060566  0.061564  0.109091  0.101128  0.068041  0.125018  0.078252  0.103743  0.135469  0.069382
2023-02-15  0.0  0.087918  0.060729  0.061724  0.109383  0.101265  0.068165  0.124364  0.077935  0.103854  0.135483  0.069179
2023-02-16  0.0  0.088510  0.060617  0.061202  0.109687  0.101201  0.068268  0.124713  0.078047  0.103504  0.135385  0.068866
2023-02-17  0.0  0.088840  0.059759  0.061920  0.114699  0.101334  0.067191  0.124527  0.077804  0.101756  0.133244  0.068927
2023-02-21  0.0  0.088719  0.061606  0.060680  0.115948  0.102419  0.068057  0.121911  0.077908  0.100913  0.132088  0.069750
2023-02-22  0.0  0.089215  0.061991  0.062124  0.112938  0.099867  0.068068  0.125073  0.078033  0.100576  0.134021  0.068094
2023-02-23  0.0  0.088862  0.061787  0.061835  0.112462  0.099683  0.068430  0.125184  0.077552  0.100593  0.135624  0.067988
2023-02-24  0.0  0.089037  0.061410  0.062373  0.112073  0.099691  0.067599  0.125451  0.076884  0.100120  0.137622  0.067739
2023-02-27  0.0  0.088244  0.060331  0.063110  0.112842  0.100792  0.067091  0.125657  0.074926  0.104448  0.136288  0.066273
2023-02-28  0.0  0.089008  0.060550  0.063640  0.112427  0.099810  0.067101  0.125149  0.076508  0.103963  0.136176  0.065667
2023-03-01  0.0  0.089637  0.060980  0.063269  0.114709  0.099814  0.067309  0.124246  0.076877  0.101582  0.135720  0.065856
2023-03-02  0.0  0.092974  0.062313  0.060400  0.116583  0.102033  0.069093  0.123858  0.073895  0.097229  0.137669  0.063954
2023-03-03  0.0  0.092232  0.062106  0.060506  0.117040  0.100944  0.069278  0.120363  0.076723  0.095419  0.140566  0.064824
2023-03-06  0.0  0.093517  0.063495  0.060761  0.115299  0.101435  0.069493  0.121524  0.077093  0.093743  0.138339  0.065301
2023-03-07  0.0  0.091524  0.063624  0.061311  0.115620  0.101532  0.069611  0.121607  0.077180  0.093681  0.138611  0.065698
2023-03-08  0.0  0.089936  0.064168  0.062061  0.110013  0.103950  0.070377  0.123372  0.075589  0.094686  0.139565  0.066283
2023-03-09  0.0  0.089889  0.063975  0.062542  0.110039  0.105057  0.072219  0.122364  0.074423  0.093516  0.138105  0.067873
2023-03-10  0.0  0.088165  0.064415  0.066403  0.096634  0.105773  0.073316  0.125275  0.074756  0.096927  0.140363  0.067974
2023-03-13  0.0  0.086735  0.065009  0.067342  0.095556  0.103746  0.073495  0.127434  0.072308  0.097267  0.141624  0.069484
2023-03-14  0.0  0.088118  0.066164  0.068067  0.086722  0.105917  0.075192  0.130109  0.072815  0.096201  0.140383  0.070311
2023-03-15  0.0  0.087824  0.066054  0.068077  0.085441  0.106275  0.075667  0.128744  0.074074  0.095145  0.141388  0.071311
2023-03-16  0.0  0.084428  0.067336  0.063313  0.084057  0.102925  0.077358  0.130965  0.075990  0.096155  0.144577  0.072897
2023-03-17  0.0  0.084421  0.067161  0.065863  0.082847  0.102308  0.076185  0.132167  0.076632  0.096503  0.143046  0.072868
2023-03-20  0.0  0.085466  0.067917  0.065870  0.080784  0.101515  0.076646  0.132605  0.077284  0.097363  0.141371  0.073179
2023-03-21  0.0  0.084404  0.067794  0.065648  0.080117  0.100853  0.078477  0.130521  0.079929  0.099984  0.138788  0.073485
2023-03-22  0.0  0.087195  0.065397  0.061869  0.077127  0.103136  0.078685  0.141391  0.081053  0.097605  0.135818  0.070725
2023-03-23  0.0  0.087230  0.065498  0.062064  0.076646  0.101754  0.079539  0.143815  0.077147  0.097162  0.138960  0.070184
2023-03-24  0.0  0.087738  0.065301  0.061828  0.076666  0.101844  0.078702  0.143309  0.076998  0.096512  0.140716  0.070386
2023-03-27  0.0  0.089699  0.065961  0.062398  0.077909  0.103551  0.080319  0.137745  0.080486  0.090801  0.138106  0.073025
2023-03-28  0.0  0.089504  0.066095  0.062273  0.077067  0.103316  0.080082  0.138441  0.081296  0.091020  0.137805  0.073102
2023-03-29  0.0  0.089613  0.065884  0.061722  0.077423  0.103018  0.079893  0.138874  0.081351  0.090950  0.137932  0.073340
2023-03-30  0.0  0.089770  0.066587  0.061975  0.077278  0.102753  0.079396  0.139709  0.079548  0.090482  0.139403  0.073098
2023-03-31  0.0  0.087661  0.064952  0.060507  0.075856  0.102528  0.077547  0.154027  0.077043  0.090698  0.137952  0.071230
2023-04-03  0.0  0.086677  0.064481  0.060863  0.075813  0.105397  0.078105  0.155850  0.075395  0.091139  0.135752  0.070527
2023-04-04  0.0  0.088214  0.066041  0.057095  0.076437  0.106504  0.079897  0.155869  0.075233  0.090589  0.132860  0.071261
2023-04-05  0.0  0.087362  0.066773  0.056750  0.077072  0.102878  0.081560  0.156142  0.075434  0.090599  0.133417  0.072014
2023-04-06  0.0  0.088445  0.067596  0.057094  0.078058  0.103111  0.081771  0.157960  0.076420  0.087912  0.130112  0.071522
2023-04-10  0.0  0.088416  0.067274  0.056743  0.078261  0.103285  0.081748  0.157963  0.076164  0.088681  0.129930  0.071535
2023-04-11  0.0  0.088007  0.067397  0.057993  0.078040  0.102317  0.082201  0.157792  0.076232  0.088278  0.129371  0.072371
2023-04-12  0.0  0.087496  0.067310  0.058309  0.077457  0.101963  0.081512  0.157796  0.076342  0.088119  0.129823  0.073875
2023-04-13  0.0  0.087242  0.067337  0.058831  0.077071  0.102134  0.082819  0.156053  0.076364  0.087771  0.130737  0.073641
2023-04-14  0.0  0.088727  0.066125  0.058408  0.076896  0.103815  0.081507  0.157292  0.077164  0.087310  0.129606  0.073148
2023-04-17  0.0  0.088589  0.066222  0.058927  0.076197  0.104116  0.083323  0.157245  0.076385  0.086388  0.128381  0.074228
2023-04-18  0.0  0.086386  0.078090  0.058277  0.073913  0.101765  0.084921  0.155310  0.074730  0.084320  0.126369  0.075920
2023-04-19  0.0  0.087116  0.078878  0.057629  0.073024  0.100634  0.084451  0.154147  0.075279  0.085717  0.124270  0.078857
2023-04-20  0.0  0.087583  0.079100  0.057508  0.072798  0.100436  0.085167  0.153717  0.074981  0.085586  0.124452  0.078672
2023-04-21  0.0  0.088090  0.079590  0.058830  0.072869  0.099765  0.087573  0.153329  0.074021  0.084947  0.123841  0.077143
2023-04-24  0.0  0.087264  0.083968  0.058417  0.072303  0.099154  0.087778  0.153278  0.073379  0.085989  0.122256  0.076215
2023-04-25  0.0  0.087543  0.086242  0.057646  0.072032  0.099026  0.087150  0.152867  0.073034  0.086524  0.122327  0.075609
2023-04-26  0.0  0.085236  0.085687  0.060339  0.071654  0.097017  0.084783  0.155681  0.073220  0.089240  0.122176  0.074966
2023-04-27  0.0  0.085127  0.086501  0.060326  0.072499  0.095540  0.085648  0.157624  0.073875  0.086182  0.120478  0.076199
2023-04-28  0.0  0.086424  0.073592  0.062018  0.073399  0.094913  0.085732  0.162025  0.073826  0.087969  0.124048  0.076054
2023-05-01  0.0  0.086002  0.073868  0.062226  0.073008  0.094782  0.085550  0.161942  0.073559  0.088459  0.123736  0.076867
2023-05-02  0.0  0.085784  0.074107  0.061514  0.072477  0.094289  0.086609  0.163020  0.072787  0.087929  0.123920  0.077564
2023-05-03  0.0  0.085699  0.072648  0.060225  0.071013  0.093831  0.087017  0.167882  0.071919  0.087575  0.124681  0.077510
2023-05-04  0.0  0.084925  0.073144  0.058497  0.070505  0.095936  0.088740  0.162221  0.071643  0.088103  0.125502  0.080786
2023-05-05  0.0  0.085421  0.072345  0.058618  0.070436  0.095464  0.088914  0.162694  0.071836  0.088295  0.125004  0.080973
2023-05-08  0.0  0.085047  0.073142  0.058518  0.069278  0.095213  0.088176  0.162671  0.072388  0.089660  0.125679  0.080228
2023-05-09  0.0  0.084353  0.073019  0.057896  0.068530  0.094352  0.089722  0.162703  0.072612  0.088610  0.127624  0.080579
2023-05-10  0.0  0.084086  0.072833  0.057966  0.068582  0.095026  0.089239  0.162304  0.072655  0.089034  0.126945  0.081328
2023-05-11  0.0  0.083750  0.072261  0.057773  0.068200  0.094435  0.088198  0.164746  0.071920  0.090472  0.127471  0.080774
2023-05-12  0.0  0.083174  0.071939  0.057963  0.067767  0.093719  0.087928  0.166891  0.071905  0.091193  0.126468  0.081052
2023-05-15  0.0  0.082949  0.071215  0.057422  0.066942  0.093735  0.087428  0.171464  0.071617  0.092174  0.125342  0.079713
2023-05-16  0.0  0.082816  0.071761  0.057108  0.066802  0.093484  0.088720  0.168838  0.071869  0.091639  0.125945  0.081018
2023-05-17  0.0  0.083906  0.072729  0.056966  0.067596  0.093498  0.090008  0.166948  0.070522  0.089301  0.126176  0.082350
2023-05-18  0.0  0.084378  0.071874  0.055799  0.066912  0.090819  0.089243  0.170084  0.070888  0.089853  0.130004  0.080147
2023-05-19  0.0  0.084699  0.071362  0.056076  0.067024  0.090867  0.087647  0.169125  0.071874  0.090571  0.131209  0.079546
2023-05-22  0.0  0.086299  0.071500  0.054709  0.070263  0.089891  0.087080  0.169824  0.071718  0.088559  0.130011  0.080145
2023-05-23  0.0  0.088496  0.071909  0.054454  0.070812  0.091840  0.089306  0.157759  0.075112  0.089737  0.130527  0.080047
2023-05-24  0.0  0.087599  0.071050  0.055007  0.077009  0.090992  0.087165  0.155738  0.075626  0.091422  0.128914  0.079479
2023-05-25  0.0  0.087242  0.072827  0.054731  0.077525  0.089909  0.088919  0.155315  0.073548  0.091749  0.128206  0.080030
2023-05-26  0.0  0.094619  0.072293  0.059317  0.080514  0.093908  0.079705  0.152575  0.072722  0.090927  0.124392  0.079028
2023-05-30  0.0  0.095220  0.072327  0.059265  0.081893  0.094512  0.079280  0.151577  0.071800  0.090994  0.125551  0.077582
2023-05-31  0.0  0.095723  0.071733  0.058622  0.087805  0.095578  0.078039  0.146131  0.072724  0.090068  0.126358  0.077218
2023-06-01  0.0  0.097935  0.070996  0.058137  0.086693  0.094307  0.076497  0.151610  0.072233  0.088856  0.126924  0.075811
2023-06-02  0.0  0.096321  0.071069  0.059952  0.089760  0.092794  0.075367  0.149640  0.071438  0.090589  0.125129  0.077941
2023-06-05  0.0  0.089032  0.073066  0.058910  0.091023  0.089118  0.076420  0.146403  0.076258  0.093434  0.127645  0.078692
2023-06-06  0.0  0.088796  0.073748  0.059127  0.090965  0.088480  0.076762  0.146065  0.076143  0.094115  0.127274  0.078526
2023-06-07  0.0  0.086725  0.071890  0.057512  0.087560  0.086074  0.074761  0.152572  0.077419  0.102780  0.126386  0.076321
2023-06-08  0.0  0.086750  0.071904  0.057393  0.089586  0.085378  0.074308  0.154643  0.076407  0.099882  0.127287  0.076461
2023-06-09  0.0  0.086919  0.072540  0.057983  0.089749  0.085680  0.074392  0.152915  0.076381  0.099953  0.127649  0.075840
2023-06-12  0.0  0.086567  0.072029  0.057523  0.090150  0.085853  0.075037  0.152054  0.078091  0.100710  0.125773  0.076213
2023-06-13  0.0  0.086876  0.071707  0.057420  0.090322  0.085626  0.073625  0.152644  0.079142  0.101052  0.126283  0.075303
2023-06-14  0.0  0.083680  0.072204  0.056797  0.089957  0.084895  0.073378  0.153152  0.080946  0.100599  0.126964  0.077427
2023-06-15  0.0  0.083259  0.071725  0.061983  0.089149  0.084233  0.072663  0.151589  0.080837  0.100460  0.126475  0.077627
2023-06-16  0.0  0.085133  0.071462  0.062983  0.089482  0.087873  0.073168  0.148438  0.081449  0.100091  0.121613  0.078307
2023-06-20  0.0  0.083114  0.069375  0.062305  0.087289  0.087530  0.071819  0.145753  0.079690  0.107268  0.126076  0.079780
2023-06-21  0.0  0.082292  0.070176  0.061944  0.087357  0.087483  0.071898  0.144616  0.079721  0.107066  0.127173  0.080273
2023-06-22  0.0  0.082776  0.069954  0.062249  0.087758  0.088289  0.070793  0.144727  0.080149  0.106326  0.127791  0.079187
2023-06-23  0.0  0.083514  0.070170  0.062453  0.088071  0.088217  0.071673  0.144271  0.079355  0.106075  0.127327  0.078874
2023-06-26  0.0  0.083438  0.071155  0.062697  0.088375  0.088051  0.071475  0.144112  0.079103  0.103775  0.127697  0.080121
2023-06-27  0.0  0.083185  0.072039  0.061498  0.088757  0.087389  0.072040  0.144959  0.075826  0.101813  0.131624  0.080868
2023-06-28  0.0  0.082205  0.071014  0.061549  0.089146  0.086492  0.071034  0.146205  0.077008  0.103406  0.133391  0.078549
2023-06-29  0.0  0.081857  0.071074  0.061300  0.090113  0.086647  0.070828  0.145911  0.079942  0.101052  0.132816  0.078459
2023-06-30  0.0  0.081250  0.071380  0.061172  0.087834  0.086534  0.071150  0.147070  0.079798  0.101730  0.133270  0.078812
2023-07-03  0.0  0.081556  0.072238  0.061628  0.088115  0.086974  0.071235  0.145187  0.080645  0.101757  0.131623  0.079041
2023-07-05  0.0  0.081587  0.073115  0.061853  0.088064  0.087135  0.071622  0.143113  0.081408  0.100928  0.130333  0.080841
2023-07-06  0.0  0.078226  0.073143  0.061990  0.088335  0.087041  0.071551  0.145481  0.081452  0.099420  0.132001  0.081360
2023-07-07  0.0  0.078630  0.073092  0.061787  0.088223  0.086937  0.072087  0.146960  0.081749  0.098855  0.132186  0.079495
2023-07-10  0.0  0.080488  0.073878  0.060629  0.090195  0.089479  0.074118  0.139819  0.081431  0.097441  0.130320  0.082203
2023-07-11  0.0  0.080000  0.073253  0.059753  0.089374  0.090394  0.073378  0.138952  0.080405  0.101937  0.131408  0.081146
2023-07-12  0.0  0.077529  0.091654  0.056250  0.087034  0.089123  0.072317  0.138613  0.080413  0.097941  0.127314  0.081813
2023-07-13  0.0  0.077165  0.090868  0.056550  0.087751  0.089451  0.072151  0.139449  0.081038  0.094828  0.129341  0.081408
2023-07-14  0.0  0.076872  0.089368  0.056861  0.087830  0.089602  0.071666  0.138603  0.081569  0.094721  0.130363  0.082545
2023-07-17  0.0  0.076395  0.091552  0.059632  0.092120  0.089871  0.071542  0.136479  0.083295  0.095180  0.122327  0.081607
2023-07-18  0.0  0.077014  0.091155  0.060547  0.092855  0.089755  0.071516  0.137784  0.082559  0.093235  0.121260  0.082319
2023-07-19  0.0  0.076430  0.094449  0.060198  0.093573  0.090667  0.070962  0.136621  0.081605  0.092544  0.120257  0.082694
2023-07-20  0.0  0.076306  0.093764  0.061306  0.098752  0.090751  0.071898  0.133343  0.080945  0.089971  0.119520  0.083442
2023-07-21  0.0  0.078945  0.091264  0.062890  0.101515  0.094071  0.071242  0.134982  0.083980  0.089110  0.116678  0.075324
2023-07-24  0.0  0.080013  0.090725  0.062897  0.101927  0.093826  0.072066  0.135289  0.084328  0.087161  0.116157  0.075610
2023-07-25  0.0  0.079894  0.091090  0.062641  0.101808  0.094110  0.072410  0.134646  0.084199  0.087807  0.115933  0.075462
2023-07-26  0.0  0.078753  0.091576  0.063181  0.100662  0.094608  0.072217  0.134690  0.084549  0.088652  0.115972  0.075139
2023-07-27  0.0  0.078692  0.089777  0.063286  0.101233  0.094542  0.070941  0.135464  0.084653  0.089125  0.116238  0.076049
2023-07-28  0.0  0.079746  0.090838  0.064036  0.100097  0.094621  0.071993  0.135053  0.081909  0.088914  0.116698  0.076095
2023-07-31  0.0  0.080620  0.086422  0.065699  0.100158  0.095879  0.070145  0.131305  0.086986  0.092606  0.116318  0.073862
2023-08-01  0.0  0.079867  0.086304  0.065055  0.104316  0.097870  0.069954  0.129244  0.087026  0.091834  0.113543  0.074987
2023-08-02  0.0  0.079482  0.088406  0.064796  0.104567  0.097988  0.071449  0.128743  0.087287  0.089949  0.112733  0.074600
2023-08-03  0.0  0.079179  0.085933  0.064966  0.104967  0.097519  0.068739  0.130279  0.088382  0.091333  0.114815  0.073889
2023-08-04  0.0  0.079115  0.086296  0.064873  0.105002  0.096710  0.068590  0.138453  0.086609  0.086027  0.114229  0.074098
2023-08-07  0.0  0.080501  0.087332  0.064599  0.106591  0.097627  0.068155  0.135446  0.086397  0.084185  0.115765  0.073403
2023-08-08  0.0  0.081260  0.085480  0.064220  0.107369  0.098847  0.068157  0.134136  0.090012  0.084006  0.113621  0.072892
2023-08-09  0.0  0.079657  0.084677  0.065355  0.104444  0.097449  0.074574  0.133423  0.088914  0.084841  0.114671  0.071996
2023-08-10  0.0  0.078860  0.085749  0.064601  0.102849  0.096999  0.077890  0.132697  0.089413  0.084170  0.114009  0.072763
2023-08-11  0.0  0.078647  0.085057  0.064787  0.102114  0.096102  0.077465  0.137026  0.088558  0.083572  0.114352  0.072319
2023-08-14  0.0  0.078896  0.083800  0.065330  0.103750  0.098846  0.076760  0.135548  0.087933  0.083182  0.113826  0.072129
2023-08-15  0.0  0.079661  0.084574  0.065220  0.104536  0.100196  0.075446  0.133894  0.087199  0.082816  0.114030  0.072430
2023-08-16  0.0  0.084246  0.081461  0.064616  0.102448  0.107537  0.073042  0.132665  0.088454  0.079451  0.114024  0.072057
2023-08-17  0.0  0.084148  0.080376  0.064787  0.103616  0.108578  0.073048  0.133744  0.087416  0.079916  0.113084  0.071289
2023-08-18  0.0  0.084867  0.079595  0.064855  0.106203  0.107706  0.072846  0.131721  0.087694  0.080327  0.113869  0.070317
2023-08-21  0.0  0.084618  0.078916  0.066214  0.104403  0.110710  0.072960  0.129220  0.090154  0.081285  0.112257  0.069264
2023-08-22  0.0  0.084876  0.078800  0.066135  0.104492  0.110749  0.071445  0.129332  0.089822  0.081340  0.113187  0.069822
2023-08-23  0.0  0.085875  0.078964  0.066090  0.102801  0.111026  0.071717  0.128534  0.090125  0.081619  0.113156  0.070092
2023-08-24  0.0  0.086483  0.078410  0.066998  0.101731  0.110417  0.073041  0.127562  0.087852  0.081846  0.113824  0.071836
2023-08-25  0.0  0.093255  0.075787  0.067029  0.102553  0.110091  0.070332  0.126689  0.088764  0.082051  0.112941  0.070506
2023-08-28  0.0  0.093363  0.075779  0.067452  0.102556  0.108873  0.070334  0.126905  0.089019  0.081396  0.114579  0.069743
2023-08-29  0.0  0.091965  0.075165  0.066554  0.103291  0.110425  0.069687  0.127579  0.086878  0.081183  0.118619  0.068654
2023-08-30  0.0  0.090137  0.073725  0.067802  0.103852  0.111301  0.068936  0.129379  0.086889  0.082799  0.118604  0.066574
2023-08-31  0.0  0.091469  0.072996  0.070323  0.103798  0.111092  0.068023  0.129618  0.086951  0.082753  0.117094  0.065883
2023-09-01  0.0  0.091736  0.074010  0.070632  0.103692  0.111216  0.069414  0.129521  0.086738  0.082964  0.113280  0.066797
2023-09-05  0.0  0.090169  0.073364  0.070124  0.103628  0.111985  0.069509  0.128165  0.088957  0.083008  0.113925  0.067167
2023-09-06  0.0  0.087681  0.074317  0.071624  0.103047  0.107795  0.071141  0.128692  0.090246  0.083840  0.112838  0.068778
2023-09-07  0.0  0.087661  0.074152  0.072106  0.101936  0.107253  0.069876  0.127267  0.095842  0.083924  0.111537  0.068446
2023-09-08  0.0  0.088921  0.075275  0.071336  0.101680  0.109003  0.070062  0.126227  0.095756  0.081181  0.110182  0.070378
2023-09-11  0.0  0.089311  0.075158  0.071204  0.101604  0.108137  0.069870  0.127173  0.095023  0.082041  0.110190  0.070290
2023-09-12  0.0  0.091030  0.073884  0.070039  0.106768  0.110220  0.069662  0.124127  0.096328  0.081755  0.109956  0.066231
2023-09-13  0.0  0.091700  0.073164  0.067193  0.106815  0.111243  0.068825  0.124117  0.096303  0.082628  0.111837  0.066175
2023-09-14  0.0  0.091308  0.073021  0.066491  0.107172  0.110075  0.068660  0.125946  0.095902  0.081539  0.113415  0.066472
2023-09-15  0.0  0.098418  0.072762  0.067001  0.106597  0.109144  0.069147  0.122993  0.091826  0.081382  0.114175  0.066557
2023-09-18  0.0  0.097276  0.072000  0.069015  0.107858  0.109775  0.067183  0.121313  0.092110  0.082692  0.114333  0.066445
2023-09-19  0.0  0.097057  0.071307  0.070133  0.106563  0.108634  0.066381  0.125232  0.090400  0.082264  0.116965  0.065064
2023-09-20  0.0  0.096477  0.070968  0.068996  0.106166  0.112941  0.066033  0.124360  0.089838  0.081671  0.117950  0.064601
2023-09-21  0.0  0.095381  0.070792  0.069922  0.106748  0.115860  0.064181  0.123157  0.090885  0.082486  0.116750  0.063839
2023-09-22  0.0  0.095951  0.073409  0.071383  0.105523  0.113607  0.066274  0.122842  0.081659  0.087093  0.118929  0.063329
2023-09-25  0.0  0.096812  0.074723  0.071265  0.104255  0.113169  0.066996  0.122482  0.081817  0.086942  0.118288  0.063252
2023-09-26  0.0  0.094881  0.074469  0.075332  0.103829  0.111087  0.066181  0.121587  0.080990  0.086115  0.123132  0.062396
2023-09-27  0.0  0.094412  0.075388  0.076694  0.104865  0.109558  0.067332  0.123169  0.080952  0.080628  0.124236  0.062766
2023-09-28  0.0  0.095738  0.075813  0.073501  0.108006  0.109024  0.068293  0.121765  0.080988  0.078310  0.125577  0.062984
2023-09-29  0.0  0.094191  0.075176  0.073823  0.107545  0.108719  0.068091  0.125879  0.081414  0.076614  0.125952  0.062595
2023-10-02  0.0  0.092212  0.076127  0.069572  0.105149  0.106675  0.068259  0.126513  0.079266  0.078143  0.132264  0.065821
2023-10-03  0.0  0.091559  0.077571  0.068199  0.105640  0.106938  0.068408  0.128354  0.078613  0.068426  0.139556  0.066737
2023-10-04  0.0  0.092713  0.076876  0.070155  0.105060  0.107733  0.067780  0.129860  0.078721  0.067836  0.138180  0.065085
2023-10-05  0.0  0.096869  0.077245  0.065761  0.105253  0.108595  0.068510  0.128026  0.078355  0.068829  0.138679  0.063878
2023-10-06  0.0  0.096170  0.079925  0.066170  0.106563  0.110953  0.069900  0.119766  0.078586  0.069493  0.138073  0.064402
2023-10-09  0.0  0.095650  0.078491  0.066850  0.108219  0.107925  0.068506  0.121846  0.081914  0.069631  0.135869  0.065101
2023-10-10  0.0  0.096740  0.080863  0.062342  0.108542  0.103651  0.069535  0.126720  0.080081  0.068877  0.135950  0.066699
2023-10-11  0.0  0.095959  0.081127  0.064129  0.108344  0.103647  0.070044  0.122907  0.081207  0.068051  0.137900  0.066686
2023-10-12  0.0  0.096573  0.081030  0.063975  0.109023  0.103788  0.070034  0.123475  0.077945  0.067387  0.139200  0.067570
2023-10-13  0.0  0.095578  0.082748  0.064637  0.109423  0.104047  0.073274  0.122185  0.076910  0.066464  0.136335  0.068398
2023-10-16  0.0  0.096489  0.082268  0.063596  0.110046  0.104206  0.072694  0.119638  0.078498  0.068195  0.136366  0.068003
2023-10-17  0.0  0.096065  0.081261  0.064275  0.109058  0.103612  0.074116  0.118798  0.079057  0.068924  0.136225  0.068610
2023-10-18  0.0  0.093737  0.081763  0.062899  0.111108  0.104676  0.072848  0.118478  0.079134  0.067807  0.139473  0.068077
2023-10-19  0.0  0.090062  0.081527  0.064389  0.109968  0.099198  0.074518  0.121599  0.078239  0.069522  0.143208  0.067769
2023-10-20  0.0  0.090040  0.083384  0.065615  0.109120  0.099492  0.076188  0.122442  0.075867  0.070022  0.141354  0.066476
2023-10-23  0.0  0.089932  0.083670  0.065087  0.106842  0.099527  0.075273  0.123649  0.076632  0.070406  0.142480  0.066502
2023-10-24  0.0  0.089032  0.083579  0.064886  0.106638  0.099550  0.075528  0.123936  0.076488  0.070434  0.143494  0.066434
2023-10-25  0.0  0.088418  0.083869  0.064975  0.106707  0.099581  0.077767  0.122837  0.076044  0.067951  0.145186  0.066665
2023-10-26  0.0  0.090077  0.072774  0.067073  0.112532  0.100187  0.077994  0.125155  0.074841  0.069180  0.143892  0.066296
2023-10-27  0.0  0.090397  0.071769  0.067710  0.113478  0.101166  0.077001  0.125583  0.073083  0.069495  0.143759  0.066559
2023-10-30  0.0  0.091966  0.073568  0.067184  0.110455  0.102848  0.078604  0.125673  0.073503  0.069304  0.138875  0.068021
2023-10-31  0.0  0.092568  0.073056  0.068973  0.106835  0.102423  0.079508  0.121868  0.075025  0.070592  0.140169  0.068982
2023-11-01  0.0  0.092694  0.073516  0.069359  0.105240  0.101855  0.081951  0.122565  0.073236  0.070630  0.139304  0.069650
2023-11-02  0.0  0.093074  0.072806  0.069866  0.106068  0.102040  0.079845  0.123568  0.073447  0.070359  0.139710  0.069217
2023-11-03  0.0  0.092671  0.075915  0.068819  0.103490  0.101508  0.083047  0.124990  0.072537  0.071463  0.136381  0.069178
2023-11-06  0.0  0.090506  0.076753  0.068618  0.101497  0.101907  0.086111  0.126040  0.070167  0.071437  0.137216  0.069748
2023-11-07  0.0  0.090200  0.076503  0.068321  0.101401  0.102635  0.086302  0.126518  0.069380  0.071494  0.137169  0.070075
2023-11-08  0.0  0.088098  0.077239  0.066991  0.101978  0.103867  0.086122  0.127203  0.069613  0.071446  0.137663  0.069780
2023-11-09  0.0  0.089129  0.078532  0.065587  0.101477  0.103143  0.087488  0.125576  0.068990  0.070274  0.138476  0.071328
2023-11-10  0.0  0.089950  0.079536  0.066539  0.102612  0.104889  0.088840  0.127150  0.069220  0.070611  0.129595  0.071058
2023-11-13  0.0  0.089757  0.079221  0.066950  0.102494  0.103348  0.085236  0.127732  0.069683  0.071730  0.133032  0.070816
2023-11-14  0.0  0.090691  0.079393  0.068045  0.103107  0.103378  0.084677  0.128249  0.069221  0.071014  0.131687  0.070538
2023-11-15  0.0  0.088724  0.080644  0.070068  0.103373  0.104689  0.084986  0.131281  0.062448  0.068239  0.136985  0.068562
2023-11-16  0.0  0.088589  0.080659  0.070089  0.103086  0.104839  0.085844  0.129751  0.062454  0.068226  0.137628  0.068835
2023-11-17  0.0  0.088832  0.080815  0.069096  0.103267  0.105187  0.087585  0.126961  0.062768  0.068848  0.137980  0.068661
2023-11-20  0.0  0.088952  0.080958  0.067930  0.103212  0.105166  0.087651  0.127210  0.062971  0.069195  0.138140  0.068615
2023-11-21  0.0  0.088675  0.081110  0.068064  0.102808  0.104596  0.086177  0.128483  0.062534  0.068916  0.137831  0.070807
2023-11-22  0.0  0.088095  0.081291  0.069825  0.102666  0.104178  0.087730  0.128935  0.062124  0.068524  0.135959  0.070675
2023-11-24  0.0  0.088365  0.081062  0.069973  0.102559  0.104760  0.087709  0.127965  0.062389  0.068971  0.135330  0.070916
2023-11-27  0.0  0.088985  0.081225  0.069915  0.102514  0.104944  0.087122  0.129032  0.062687  0.069159  0.133693  0.070724
2023-11-28  0.0  0.089120  0.081391  0.069901  0.101798  0.104040  0.089586  0.129193  0.062140  0.068587  0.133090  0.071157
2023-11-29  0.0  0.089245  0.081395  0.070280  0.101879  0.103986  0.089673  0.128662  0.062291  0.068556  0.132536  0.071497
2023-11-30  0.0  0.089254  0.081182  0.070532  0.101614  0.104309  0.089904  0.127653  0.062381  0.068594  0.132849  0.071726
2023-12-01  0.0  0.089840  0.082500  0.070804  0.101392  0.103629  0.092864  0.125851  0.062487  0.068796  0.129417  0.072421
2023-12-04  0.0  0.090660  0.081887  0.069794  0.102395  0.102450  0.093680  0.126493  0.063682  0.067211  0.128217  0.073529
2023-12-05  0.0  0.089478  0.081267  0.069867  0.103472  0.102871  0.091905  0.127371  0.063967  0.067264  0.128468  0.074071
2023-12-06  0.0  0.088550  0.081404  0.069870  0.103390  0.102388  0.092154  0.126689  0.064147  0.067362  0.129571  0.074475
2023-12-07  0.0  0.088638  0.080692  0.067981  0.103660  0.103749  0.093103  0.125480  0.064028  0.068774  0.129015  0.074880
2023-12-08  0.0  0.088039  0.078159  0.070442  0.103255  0.103818  0.091922  0.126393  0.064174  0.070069  0.129196  0.074533
2023-12-11  0.0  0.088519  0.078400  0.069604  0.103205  0.103600  0.091537  0.124939  0.064131  0.072053  0.129289  0.074724
2023-12-12  0.0  0.088204  0.078157  0.070853  0.104461  0.103291  0.091154  0.123246  0.064084  0.071897  0.129923  0.074730
2023-12-13  0.0  0.087918  0.076714  0.070174  0.103425  0.102814  0.089704  0.121806  0.064080  0.083136  0.127044  0.073185
2023-12-14  0.0  0.088108  0.078490  0.069955  0.106689  0.103981  0.094147  0.118391  0.062812  0.076917  0.123572  0.076938
2023-12-15  0.0  0.087855  0.079440  0.070643  0.107118  0.103369  0.095482  0.115520  0.061820  0.076254  0.123933  0.078565
2023-12-18  0.0  0.088750  0.078892  0.070240  0.105437  0.103459  0.094868  0.123483  0.060764  0.074116  0.121613  0.078378
2023-12-19  0.0  0.088522  0.079267  0.069557  0.105090  0.104247  0.096766  0.121774  0.060176  0.074100  0.122702  0.077799
2023-12-20  0.0  0.087592  0.078888  0.073543  0.104230  0.105784  0.096281  0.121103  0.060056  0.073924  0.121387  0.077213
2023-12-21  0.0  0.088585  0.080974  0.075494  0.102333  0.104720  0.095972  0.117714  0.061261  0.074519  0.120721  0.077707
2023-12-22  0.0  0.088170  0.081103  0.076347  0.101914  0.104262  0.095902  0.118564  0.062140  0.075789  0.118818  0.076992
2023-12-26  0.0  0.089250  0.081210  0.075406  0.101646  0.104529  0.094784  0.119397  0.062142  0.076319  0.118808  0.076509
2023-12-27  0.0  0.088495  0.081323  0.076779  0.100495  0.104730  0.096675  0.118964  0.061445  0.075859  0.118016  0.077218
2023-12-28  0.0  0.088283  0.082050  0.076402  0.100493  0.104853  0.096355  0.119428  0.061076  0.075660  0.117745  0.077654
2023-12-29  0.0  0.088483  0.082031  0.076005  0.100513  0.104765  0.096873  0.119529  0.061234  0.075534  0.117734  0.077300
2024-01-02  0.0  0.092339  0.081279  0.074033  0.101715  0.112182  0.095111  0.115609  0.060429  0.073491  0.115634  0.078178
2024-01-03  0.0  0.094215  0.080928  0.073227  0.105423  0.111754  0.087513  0.115235  0.062844  0.073350  0.112912  0.082598
2024-01-04  0.0  0.094607  0.081551  0.072965  0.108697  0.109299  0.089467  0.114052  0.060696  0.074173  0.113298  0.081194
2024-01-05  0.0  0.095962  0.081124  0.072431  0.109754  0.109705  0.088213  0.113633  0.060778  0.074326  0.113867  0.080208
2024-01-08  0.0  0.096236  0.081217  0.072799  0.109122  0.109263  0.087668  0.113441  0.060425  0.076905  0.112882  0.080042
2024-01-09  0.0  0.096137  0.096603  0.070281  0.106971  0.110474  0.082861  0.109865  0.060473  0.074792  0.111315  0.080228
2024-01-10  0.0  0.092554  0.103361  0.068338  0.104275  0.109064  0.085837  0.109398  0.060038  0.073330  0.112469  0.081336
2024-01-11  0.0  0.089711  0.100350  0.068475  0.109616  0.108411  0.083082  0.110506  0.059481  0.073649  0.117604  0.079116
2024-01-12  0.0  0.089238  0.103886  0.067821  0.111664  0.108518  0.082711  0.113551  0.058308  0.069525  0.116340  0.078436
2024-01-16  0.0  0.089322  0.103941  0.067248  0.112432  0.108802  0.082871  0.113623  0.059110  0.069727  0.115978  0.076947
2024-01-17  0.0  0.088094  0.106272  0.065329  0.111451  0.106529  0.086042  0.113563  0.059285  0.070066  0.115203  0.078165
2024-01-18  0.0  0.087450  0.103432  0.067264  0.117408  0.107642  0.084317  0.112426  0.058131  0.068016  0.115112  0.078803
2024-01-19  0.0  0.089407  0.104278  0.067283  0.120153  0.105323  0.081442  0.111685  0.059086  0.067210  0.114615  0.079517
2024-01-22  0.0  0.090629  0.103096  0.068296  0.116672  0.106308  0.078740  0.112275  0.060317  0.067819  0.116171  0.079677
2024-01-23  0.0  0.095561  0.102335  0.070078  0.115907  0.105206  0.078517  0.110498  0.060194  0.067339  0.114969  0.079396
2024-01-24  0.0  0.095635  0.102255  0.070973  0.116032  0.105096  0.078637  0.109002  0.060042  0.067675  0.115172  0.079481
2024-01-25  0.0  0.092948  0.101177  0.069148  0.116154  0.103104  0.078250  0.104795  0.059680  0.066966  0.125606  0.082170
2024-01-26  0.0  0.092837  0.100503  0.066758  0.117505  0.104446  0.082727  0.103553  0.059221  0.065216  0.125110  0.082123
2024-01-29  0.0  0.092907  0.100871  0.066721  0.117943  0.104168  0.081469  0.103337  0.059469  0.065945  0.125090  0.082079
2024-01-30  0.0  0.099567  0.097153  0.062847  0.118342  0.103748  0.078736  0.097917  0.067868  0.070430  0.117071  0.086322
2024-01-31  0.0  0.100149  0.096359  0.062750  0.116075  0.104331  0.078174  0.099037  0.067545  0.070929  0.117826  0.086824
2024-02-01  0.0  0.099507  0.088536  0.064785  0.113360  0.103676  0.075971  0.104217  0.069113  0.073218  0.121185  0.086432
2024-02-02  0.0  0.097678  0.089908  0.068797  0.116483  0.102099  0.077072  0.099931  0.069375  0.072616  0.120933  0.085110
2024-02-05  0.0  0.098925  0.077890  0.070200  0.118846  0.103760  0.079375  0.101657  0.069830  0.071977  0.123497  0.084043
2024-02-06  0.0  0.091444  0.077627  0.071628  0.119652  0.105000  0.081877  0.102749  0.068991  0.070885  0.126519  0.083630
2024-02-07  0.0  0.088621  0.078285  0.072101  0.120651  0.104845  0.082165  0.104124  0.068499  0.071479  0.125182  0.084049
2024-02-08  0.0  0.088424  0.078672  0.072387  0.120220  0.104749  0.081436  0.104459  0.068714  0.071730  0.125874  0.083334
2024-02-09  0.0  0.088191  0.079014  0.071665  0.119770  0.105511  0.081262  0.104441  0.068471  0.071322  0.127323  0.083029
2024-02-12  0.0  0.088372  0.079169  0.070449  0.120175  0.106115  0.080392  0.103010  0.068699  0.071442  0.129100  0.083076
2024-02-13  0.0  0.087978  0.079880  0.070074  0.120630  0.106106  0.079568  0.103785  0.068796  0.070899  0.129140  0.083144
2024-02-14  0.0  0.088391  0.079805  0.071113  0.118977  0.106917  0.078321  0.104826  0.068584  0.070965  0.131117  0.080984
2024-02-15  0.0  0.089335  0.078449  0.071271  0.118273  0.106415  0.077808  0.104913  0.070577  0.071695  0.129695  0.081569
2024-02-16  0.0  0.088690  0.080767  0.068561  0.114785  0.107532  0.080473  0.106018  0.068958  0.071243  0.130823  0.082150
2024-02-20  0.0  0.090521  0.078393  0.069981  0.114868  0.107916  0.079382  0.107079  0.068302  0.071281  0.130765  0.081511
2024-02-21  0.0  0.090627  0.078563  0.070842  0.115613  0.107710  0.079189  0.105849  0.068435  0.072413  0.130006  0.080754
2024-02-22  0.0  0.090678  0.080912  0.069521  0.115642  0.107528  0.079431  0.105805  0.068153  0.071334  0.130225  0.080770
2024-02-23  0.0  0.091318  0.081024  0.071093  0.115673  0.107276  0.074571  0.108683  0.069262  0.072187  0.129351  0.079562
2024-02-26  0.0  0.091180  0.081402  0.070568  0.115491  0.107793  0.074514  0.109568  0.069089  0.071918  0.129355  0.079123
2024-02-27  0.0  0.091448  0.079721  0.072174  0.115687  0.108396  0.075121  0.109815  0.068853  0.070509  0.128658  0.079620
2024-02-28  0.0  0.089380  0.076906  0.070200  0.116072  0.106016  0.072661  0.111647  0.073178  0.073965  0.132257  0.077718
2024-02-29  0.0  0.090196  0.074687  0.073331  0.115078  0.106024  0.070924  0.114692  0.075513  0.073160  0.129285  0.077109
2024-03-01  0.0  0.089514  0.074345  0.073244  0.116063  0.105849  0.070288  0.114249  0.075788  0.074823  0.129193  0.076646
2024-03-04  0.0  0.089626  0.075009  0.073066  0.116286  0.106075  0.069024  0.116819  0.075219  0.074853  0.126967  0.077057
2024-03-05  0.0  0.090133  0.074065  0.073244  0.117404  0.106939  0.069153  0.117071  0.074805  0.073297  0.127688  0.076201
2024-03-06  0.0  0.089343  0.071189  0.070729  0.123764  0.107268  0.064509  0.124645  0.071918  0.073085  0.128987  0.074561
2024-03-07  0.0  0.089242  0.071019  0.070171  0.124470  0.107743  0.064218  0.122992  0.071572  0.071910  0.131133  0.075530
2024-03-08  0.0  0.088367  0.070039  0.070118  0.124644  0.107493  0.063578  0.124194  0.071969  0.072017  0.131756  0.075825
2024-03-11  0.0  0.088343  0.070268  0.070726  0.125323  0.108279  0.062642  0.122303  0.071692  0.072485  0.131801  0.076137
2024-03-12  0.0  0.087340  0.070398  0.070530  0.125758  0.107648  0.062749  0.122428  0.071941  0.072548  0.132276  0.076384
2024-03-13  0.0  0.087731  0.070218  0.072265  0.125783  0.107633  0.061378  0.122101  0.072280  0.072327  0.132132  0.076153
2024-03-14  0.0  0.087412  0.070798  0.071194  0.125873  0.108049  0.061015  0.122409  0.072987  0.072254  0.131370  0.076638
2024-03-15  0.0  0.085742  0.069992  0.070190  0.121145  0.108689  0.063396  0.121560  0.071286  0.072144  0.139984  0.075871
2024-03-18  0.0  0.085737  0.067987  0.070186  0.121873  0.113273  0.061540  0.121567  0.073608  0.070836  0.136449  0.076944
2024-03-19  0.0  0.085914  0.066232  0.072510  0.121399  0.113175  0.061847  0.120662  0.073579  0.070673  0.137041  0.076968
2024-03-20  0.0  0.086238  0.066475  0.072169  0.121774  0.112487  0.062097  0.121295  0.073905  0.070539  0.136237  0.076784
2024-03-21  0.0  0.085138  0.066656  0.073078  0.118670  0.110023  0.063843  0.121943  0.074917  0.070578  0.138160  0.076993
2024-03-22  0.0  0.086666  0.066369  0.075101  0.119004  0.108724  0.063479  0.121335  0.074740  0.070596  0.137425  0.076561
2024-03-25  0.0  0.086591  0.067098  0.076693  0.114444  0.108862  0.064099  0.121335  0.074247  0.071069  0.138849  0.076714
2024-03-26  0.0  0.086677  0.066955  0.076190  0.114166  0.107370  0.063671  0.120676  0.074625  0.074752  0.138458  0.076461
2024-03-27  0.0  0.086568  0.066873  0.075888  0.114472  0.106693  0.063496  0.120792  0.074975  0.073882  0.138512  0.077850
2024-03-28  0.0  0.087908  0.067839  0.082736  0.115354  0.107019  0.064077  0.120513  0.071322  0.070412  0.135084  0.077735